file_url,additional_feature
https://www.purdue.edu/newsroom/wp-content/uploads/2024/05/Winter-Purdue-DSC0202.jpg,Gateway to the Future arch at Purdue University.
https://www.purdue.edu/newsroom/wp-content/uploads/2024/05/Fall-Purdue-2022_RM18676.jpg,
https://www.purdue.edu/newsroom/wp-content/uploads/2024/05/Winter-Purdue-RJM5525.jpg,The Engineering Fountain during the winter season at Purdue University.
https://www.purdue.edu/newsroom/wp-content/uploads/2024/05/Winter-Purdue-2024_GMB5372.jpg,John Purdue statue
https://www.purdue.edu/newsroom/wp-content/uploads/2024/05/2017-Unfinished-Block-P.jpg,The unfinished Block P statue on the Purdue University campus.
https://www.purdue.edu/newsroom/wp-content/uploads/2024/05/space-roundupLO.jpg,A view of Earth and the moonset.
https://www.purdue.edu/newsroom/wp-content/uploads/2024/07/hovde-winterLO-3.jpg,A winter scene on the Purdue University campus.
https://www.purdue.edu/newsroom/wp-content/uploads/2024/06/pt-news-placementsLO.jpg,President Chiang
https://www.purdue.edu/newsroom/wp-content/uploads/2024/05/motorsports-workforceLO.jpg,A motorsports engineering student analyzing a steering wheel.
https://www.purdue.edu/newsroom/wp-content/uploads/2024/05/Winter-Purdue-2024_GMB5372.jpg,John Purdue statue
https://www.purdue.edu/newsroom/wp-content/uploads/2024/05/Purdue-Students-2024_GMB6381.jpg,Purdue students studying.
https://www.purdue.edu/newsroom/wp-content/uploads/2024/05/Purdue-Arch-2023_KAL_4891.jpg,A view of the Purdue Arch from the flowers.
https://www.purdue.edu/newsroom/wp-content/uploads/2024/05/Winter-Purdue-2024_RR18110.jpg,A shot of the Purdue University campus during the winter season.
https://www.purdue.edu/newsroom/wp-content/uploads/2024/05/Boilermaker-Special_RJM3309.jpg,The Boilermaker Special parked by the Engineering Fountain.
https://www.purdue.edu/newsroom/wp-content/uploads/2024/06/pt-martin-award-800x533-1.jpg,martin-award
https://www.purdue.edu/newsroom/wp-content/uploads/2024/05/Winter-Purdue-Memorial-Union-RJM5693.jpg,The Purdue Memorial Union during the winter season.
https://www.purdue.edu/newsroom/wp-content/uploads/2024/05/Winter-Purdue-2024_GMB5372.jpg,John Purdue statue
https://www.purdue.edu/newsroom/wp-content/uploads/2024/05/Winter-Purdue-DSC4424.jpg,Trees and an academic building on Purdue University during the winter season.
https://www.purdue.edu/newsroom/wp-content/uploads/2024/07/pglobal-graph23LO-1.jpg,Purdue Global logo
https://www.purdue.edu/newsroom/wp-content/uploads/2024/07/foster-hovdeawardLO.jpg,Ken Foster
https://www.purdue.edu/newsroom/wp-content/uploads/2024/05/Winter-Purdue-DSC4424.jpg,Trees and an academic building on Purdue University during the winter season.
https://www.purdue.edu/newsroom/wp-content/uploads/2024/07/grads-23winterLO.jpg,Purdue’s Winter 2023 Commencement celebration
https://www.purdue.edu/newsroom/wp-content/uploads/2024/07/arnas-david-cislunarLO-min.png,Ying Li in a greenhouse
https://www.purdue.edu/newsroom/wp-content/uploads/2024/05/Purdue-Belltower-2024_GMB0604.jpg,The Purdue Bell Tower.
https://www.purdue.edu/newsroom/wp-content/uploads/2024/06/pt-faculty-years-of-service-800x533-1.jpg,faculty-years-of-service
https://www.purdue.edu/newsroom/wp-content/uploads/2024/05/Fall-Purdue-JU27458.jpg,The Purdue Bell Tower during the fall.
https://www.purdue.edu/newsroom/wp-content/uploads/2024/07/pt-purdue-indysign-OG.jpg,Purdue University in Indianapolis sign
https://www.purdue.edu/newsroom/wp-content/uploads/2024/06/pt-emmani-ellis-800x533-1.jpg,emmani-ellis
https://www.purdue.edu/newsroom/wp-content/uploads/2024/07/dooley-militarymakeoverLO.jpg,Purdue Global Chancellor Frank Dooley
https://www.purdue.edu/newsroom/wp-content/uploads/2024/05/Fall-Purdue-2023_KAL_4780.jpg,The Bell Tower at Purdue University.
https://www.purdue.edu/newsroom/wp-content/uploads/2024/05/Winter-Purdue-Memorial-Union-RJM5693.jpg,The Purdue Memorial Union during the winter season.
https://www.purdue.edu/newsroom/wp-content/uploads/2024/05/Fall-Purdue-2022_RM18712.jpg,
https://www.purdue.edu/newsroom/wp-content/uploads/2024/06/pt-pupd-football-800x533-1.jpg,pupd-k9
https://www.purdue.edu/newsroom/wp-content/uploads/2024/08/23pglobal-logo.jpeg,Purdue Global logo on a black background
https://www.purdue.edu/newsroom/wp-content/uploads/2024/07/distinction-awards-pgLO.jpg,A graphic representing the Purdue Global Distinction Awards
https://www.purdue.edu/newsroom/wp-content/uploads/2024/05/Winter-Purdue-RJM5525.jpg,The Engineering Fountain during the winter season at Purdue University.
https://www.purdue.edu/newsroom/wp-content/uploads/2024/06/insignum-cornLO.jpg,An example of a yield-limiting factor on a leaf.
https://www.purdue.edu/newsroom/wp-content/uploads/2024/07/chepeliev-liu-johnsonLO.jpg,Three Purdue University researchers
https://www.purdue.edu/newsroom/wp-content/uploads/2024/07/nai-lovemarineroyamamotoLO.jpg,Three Purdue University faculty members and fellows of the National Academy of Inventors
https://www.purdue.edu/newsroom/wp-content/uploads/2024/05/Winter-Snowy-Boilermaker-Statue.jpg,The Boilermaker statue during the winter season at Purdue University.
https://www.purdue.edu/newsroom/wp-content/uploads/2024/06/daniels-bust-horizontalLO.jpg,Daniels bust unveiling
https://www.purdue.edu/newsroom/wp-content/uploads/2024/05/Memorial-Mall-DJI-0060-2.jpg,Memorial Mall on the Purdue University campus.
https://www.purdue.edu/newsroom/wp-content/uploads/2024/06/cassiopeia-imageLO.jpg,Cassiopeia A. star explosion.
https://www.purdue.edu/newsroom/wp-content/uploads/2024/05/Winter-Purdue-2024_JU25323.jpg,A shot of the Purdue University campus during the winter season.
https://www.purdue.edu/newsroom/wp-content/uploads/2024/06/gateway-archLO-1.jpg,
https://www.purdue.edu/newsroom/wp-content/uploads/2024/05/Winter-Purdue-RJM5525.jpg,The Engineering Fountain during the winter season at Purdue University.
https://www.purdue.edu/newsroom/wp-content/uploads/2024/07/pg-lawschoolLO.jpg,Purdue Global law school
https://www.purdue.edu/newsroom/wp-content/uploads/2024/07/imec-handshakeLO.jpg,"Luc Van den hove, Mung Chiang and Jan Jambon shake hands."
https://www.purdue.edu/newsroom/wp-content/uploads/2024/05/Fall-Purdue-2023_JU22362.jpg,The State and Grant Street Gateway at Purdue University.
https://www.purdue.edu/newsroom/wp-content/uploads/2024/05/2017-Unfinished-Block-P.jpg,The unfinished Block P statue on the Purdue University campus.
https://www.purdue.edu/newsroom/wp-content/uploads/2024/05/Winter-Purdue-2024_JU25323.jpg,A shot of the Purdue University campus during the winter season.
https://www.purdue.edu/newsroom/wp-content/uploads/2024/05/Purdue-Belltower-2023_KAL_0252-2.jpg,A picture of the Bell Tower through some trees.
https://www.purdue.edu/newsroom/wp-content/uploads/2024/06/gateway-archLO-1-1.jpg,pt-gateway-arch-800x533
https://www.purdue.edu/newsroom/wp-content/uploads/2024/05/daniels-ext02-renderLO.jpg,"A conceptual rendering of Purdue’s Mitchell E. Daniels, Jr. School of Business"
https://www.purdue.edu/newsroom/wp-content/uploads/2024/05/holford-pnwchancellorLO.jpg,Chris Holford
https://www.purdue.edu/newsroom/wp-content/uploads/2024/05/hovde-winterLO.jpg,A shot of the Purdue University campus during winter.
https://www.purdue.edu/newsroom/wp-content/uploads/2024/05/tuition-freeze13LO.jpg,A graphic representing the 13th consecutive tuition freeze for Purdue University.
https://www.purdue.edu/newsroom/wp-content/uploads/2024/07/pg-mercycedarrapidsLO.jpg,Purdue Global partnership announcement
https://www.purdue.edu/newsroom/wp-content/uploads/2024/07/airport-LO.jpg,Purdue University Airport
https://www.purdue.edu/newsroom/wp-content/uploads/2024/06/GatewayArchLO-1.jpg,
https://www.purdue.edu/newsroom/wp-content/uploads/2024/06/pmu-holidayOG.jpg,A festive Purdue Memorial Union during the holiday season.
https://www.purdue.edu/newsroom/wp-content/uploads/2024/06/pt-payroll-tax-staff-excellence-800x533-1.jpg,payroll-tax-staff-excellence
https://www.purdue.edu/newsroom/wp-content/uploads/2024/05/Fall-Purdue-2023_KAL_4650.jpg,An academic building on the Purdue University campus.
https://www.purdue.edu/newsroom/wp-content/uploads/2024/06/harpur-beebreedingLO.jpg,Honeybee instrumental insemination.
https://www.purdue.edu/newsroom/wp-content/uploads/2024/06/tiffany-townsendLO.jpg,A photo of Tiffany Townsend.
https://www.purdue.edu/newsroom/wp-content/uploads/2024/05/Fall-Purdue-2022_RM18676.jpg,
https://www.purdue.edu/newsroom/wp-content/uploads/2024/06/gateway-archLO-1.jpg,
https://www.purdue.edu/newsroom/wp-content/uploads/2024/06/pt-pupd-new-officers-800x533-1.jpg,pupd-new-officers-OG
https://www.purdue.edu/newsroom/wp-content/uploads/2024/05/atalla-asipptLO.jpg,A picture of Martin (John) M. Atalla.
https://www.purdue.edu/newsroom/wp-content/uploads/2024/06/gateway-archLO-1.jpg,
https://www.purdue.edu/newsroom/wp-content/uploads/2024/05/Winter-Purdue-DSC4424.jpg,Trees and an academic building on Purdue University during the winter season.
https://www.purdue.edu/newsroom/wp-content/uploads/2024/07/andrisani-livercancer-ptLO.jpg,
https://www.purdue.edu/newsroom/wp-content/uploads/2024/05/Winter-Purdue-2024_GMB5372.jpg,John Purdue statue
https://www.purdue.edu/newsroom/wp-content/uploads/2024/07/pg-epicflightLO.jpg,Purdue Global and Epic Flight Academy logos
https://www.purdue.edu/newsroom/wp-content/uploads/2024/07/pg-taylorgradLO.jpg,Sheila Taylor at Purdue Global graduation
https://www.purdue.edu/newsroom/wp-content/uploads/2024/07/sen-portrait23LO.jpg,Shreyas Sen
https://www.purdue.edu/newsroom/wp-content/uploads/2024/06/pt-showalter-800x533-1.jpg,"Karen Plaut, Cankui Zhang, Marxa Figueiredo, Jennifer Freeman, Sharon M. Moe"
https://www.purdue.edu/newsroom/wp-content/uploads/2024/06/gateway-archLO.jpg,Union arch
https://www.purdue.edu/newsroom/wp-content/uploads/2024/05/Fall-Purdue-2023_KAL_4764.jpg,The Bell Tower at Purdue during the fall season.
https://www.purdue.edu/newsroom/wp-content/uploads/2024/05/Winter-Purdue-2024_JU25323.jpg,A shot of the Purdue University campus during the winter season.
https://www.purdue.edu/newsroom/wp-content/uploads/2024/05/Winter-Purdue-2024_JU25323.jpg,A shot of the Purdue University campus during the winter season.
https://www.purdue.edu/newsroom/wp-content/uploads/2024/06/pt-in-print-liang-800x533-1.jpg,in-print-liang
https://www.purdue.edu/newsroom/wp-content/uploads/2024/06/gateway-archLO-1-1.jpg,pt-gateway-arch-800x533
https://www.purdue.edu/newsroom/wp-content/uploads/2024/05/Fall-Purdue-2023_GMB0325.jpg,Students walking during the fall season on the Purdue University campus.
https://www.purdue.edu/newsroom/wp-content/uploads/2024/05/Purdue-Buildings-2023_KAL_8110.jpg,Academic buildings on the Purdue University campus.
https://www.purdue.edu/newsroom/wp-content/uploads/2024/05/2017-Unfinished-Block-P.jpg,The unfinished Block P statue on the Purdue University campus.
https://www.purdue.edu/newsroom/wp-content/uploads/2024/07/semiconductor-closeupLO-1.jpg,A close-up look of a microchip
https://www.purdue.edu/newsroom/wp-content/uploads/2024/06/mei-chenlabLO.jpg,A close-up look at a device for computer vision that mimics how retinal cells perceive light.
https://www.purdue.edu/newsroom/wp-content/uploads/2024/05/Purdue-Students-2024_GMB6381.jpg,Purdue students studying.
https://www.purdue.edu/newsroom/wp-content/uploads/2023/11/purdueonline-googleLO.jpg,A Purdue University student on his laptop.
https://www.purdue.edu/newsroom/wp-content/uploads/2024/07/mysmarte-LO.jpg,IoT software platform
https://www.purdue.edu/newsroom/wp-content/uploads/2024/06/P-LO.jpg,
https://www.purdue.edu/newsroom/wp-content/uploads/2024/07/cheng-nanolaserLO.jpg,laser techniques
https://www.purdue.edu/newsroom/wp-content/uploads/2024/07/commencement-capLO.jpg,Graduation cap from Purdue commencement
https://www.purdue.edu/newsroom/wp-content/uploads/2024/05/Fall-Purdue-2023_GMB5754.jpg,A view from Purdue University during the fall season
https://www.purdue.edu/newsroom/wp-content/uploads/2024/07/piglet-microbiomeLO.jpg,Piglets
https://www.purdue.edu/newsroom/wp-content/uploads/2024/05/Purdue-Students-2024_GMB6381.jpg,Purdue students studying.
https://www.purdue.edu/newsroom/wp-content/uploads/2024/06/jung3.png,A woman styling her hair while Nusrat Jung analyzes chemicals in the air.
https://www.purdue.edu/newsroom/wp-content/uploads/2024/05/Purdue-Belltower-2024_GMB0604.jpg,The Purdue Bell Tower.
https://www.purdue.edu/newsroom/wp-content/uploads/2024/06/pt-united-way-westwood-800x533-1.jpg,pt-unitedway-celebration800x400
https://www.purdue.edu/newsroom/wp-content/uploads/2024/05/Purdue-Arch-2023_KAL_4891.jpg,A view of the Purdue Arch from the flowers.
https://www.purdue.edu/newsroom/wp-content/uploads/2024/05/Fall-Purdue-2022_JU27874.jpg,Students walking on the Purdue University campus during the fall season.
https://www.purdue.edu/newsroom/wp-content/uploads/2024/05/Purdue-Students-2024_GMB6381.jpg,Purdue students studying.
https://www.purdue.edu/newsroom/wp-content/uploads/2024/08/PurdueSunset-min.png,Purdue University buildings during a sunset
https://www.purdue.edu/newsroom/wp-content/uploads/2024/07/sager-kilimanjaroLO.jpg,Heather Sager holds her Purdue Global water bottle at the top of Mount Kilimanjaro.
https://www.purdue.edu/newsroom/wp-content/uploads/2024/05/Winter-Purdue-2022_RM24813-1.jpg,John Purdue statue
https://www.purdue.edu/newsroom/wp-content/uploads/2024/05/Fall-Purdue-2022_RM18676.jpg,
https://www.purdue.edu/newsroom/wp-content/uploads/2024/05/Fall-Purdue-2023_KAL_4764.jpg,The Bell Tower at Purdue during the fall season.
https://www.purdue.edu/newsroom/wp-content/uploads/2024/06/pt-ranking-vohra-800x533-1.jpg,pt-ranking-vohra-800x400
https://www.purdue.edu/newsroom/wp-content/uploads/2024/06/pt-study-abroad-bradley-800x533-1.jpg,pt-study-abroad-bradley-800x400
https://www.purdue.edu/newsroom/wp-content/uploads/2024/05/Purdue-Fountain-2023_KAL_7894.jpg,Purdue fountain
https://www.purdue.edu/newsroom/wp-content/uploads/2024/07/crafco-soybeanLO.jpg,
https://www.purdue.edu/newsroom/wp-content/uploads/2024/05/Fall-Purdue-2022_RM18839.jpg,A shot of the Purdue University campus during the fall season.
https://www.purdue.edu/newsroom/wp-content/uploads/2024/05/Fall-Purdue-2022_JU27874.jpg,Students walking on the Purdue University campus during the fall season.
https://www.purdue.edu/newsroom/wp-content/uploads/2024/06/gleich-neuralnetworkLO.jpg,Finding errors in neural networks.
https://www.purdue.edu/newsroom/wp-content/uploads/2024/06/pt-mcgowan-fulbright-800x533-1.jpg,mcgowan-fulbright
https://www.purdue.edu/newsroom/wp-content/uploads/2024/05/Fall-Purdue-2023_KAL_4650.jpg,An academic building on the Purdue University campus.
https://www.purdue.edu/newsroom/wp-content/uploads/2024/07/pg-manninghealthLO.jpg,Purdue Global partnership announcement
https://www.purdue.edu/newsroom/wp-content/uploads/2024/06/pt-staff-excel-benefitsLO.jpg,pt-staff-excel-benefits
https://www.purdue.edu/newsroom/wp-content/uploads/2024/06/pt-globalization-awardsLO.jpg,pt-globalization-awards
https://www.purdue.edu/newsroom/wp-content/uploads/2024/05/Winter-Purdue-2024_RR18110.jpg,A shot of the Purdue University campus during the winter season.
https://www.purdue.edu/newsroom/wp-content/uploads/2024/05/Fall-Purdue-2022_RM18676.jpg,
https://www.purdue.edu/newsroom/wp-content/uploads/2024/07/yun-aimusicLO.jpg,A performing cellist
https://www.purdue.edu/newsroom/wp-content/uploads/2024/06/pt-distinguish-named-profs-800x533-1.jpg,pt-distinguish-named-profs-800x400
https://www.purdue.edu/newsroom/wp-content/uploads/2024/07/xmomalshe-billerLO.jpg,Ajay Malshe and Stephan Biller
https://www.purdue.edu/newsroom/wp-content/uploads/2024/06/opendoors-bgriLO.jpg,Purdue University students walking through campus.
https://www.purdue.edu/newsroom/wp-content/uploads/2024/06/pmu-treeLO.jpg,pmu-tree
https://www.purdue.edu/newsroom/wp-content/uploads/2024/06/gateway-archLO-1.jpg,
https://www.purdue.edu/newsroom/wp-content/uploads/2024/05/winners-moonshotLO.jpg,Purdue students celebrating their victory at the Moonshot Pitch Challenge.
https://www.purdue.edu/newsroom/wp-content/uploads/2024/07/pg-lawschoolLO.jpg,Purdue Global law school
https://www.purdue.edu/newsroom/wp-content/uploads/2024/07/zhang-portraitLO.jpg,Zhong-Yin Zhang
https://www.purdue.edu/newsroom/wp-content/uploads/2024/06/pt-iew-research-buzon-800x533-1.jpg,pt-iew-research-buzon-800x400
https://www.purdue.edu/newsroom/wp-content/uploads/2023/11/pg-redarrowflightLO.jpg,Purdue Global in partnership with Red Arrow Flight Academy.
https://www.purdue.edu/newsroom/wp-content/uploads/2024/05/Fall-Purdue-JU27458.jpg,The Purdue Bell Tower during the fall.
https://www.purdue.edu/newsroom/wp-content/uploads/2024/06/pt-nursing-pharm-building-800x533-1.jpg,Groundbreaking for Nursing and Pharmacy Education Building
https://www.purdue.edu/newsroom/wp-content/uploads/2024/06/pt-usglc-chiang-800x533-1.jpg,pt-usglc-chiang-OG
https://www.purdue.edu/newsroom/wp-content/uploads/2024/07/oisc-mcvay-jessicaLO.jpg,Jessica McVay
https://www.purdue.edu/newsroom/wp-content/uploads/2023/11/pt-alumni-reunion-800x533-1.png,pt-alumni-reunion
https://www.purdue.edu/newsroom/wp-content/uploads/2024/06/pt-iew-preview-800x533-1.jpg,pt-iew-preview-800x533
https://www.purdue.edu/newsroom/wp-content/uploads/2024/06/laitola-pgLO.jpg,Tiffany Laitola in her military uniform.
https://www.purdue.edu/newsroom/wp-content/uploads/2024/06/eskildsen-hertaLO.jpg,A close-up of Josefine Eskildsen at a race.
https://www.purdue.edu/newsroom/wp-content/uploads/2024/07/pgchihealth-councilbluffsLO.jpg,Purdue Global and CHI Health Mercy logos
https://www.purdue.edu/newsroom/wp-content/uploads/2024/05/Fall-Purdue-2023_GMB0325.jpg,Students walking during the fall season on the Purdue University campus.
https://www.purdue.edu/newsroom/wp-content/uploads/2024/05/Purdue-Arch-2023_KAL_4891.jpg,A view of the Purdue Arch from the flowers.
https://www.purdue.edu/newsroom/wp-content/uploads/2024/05/Purdue-Belltower-2023_KAL_0252-2.jpg,A picture of the Bell Tower through some trees.
https://www.purdue.edu/newsroom/wp-content/uploads/2024/05/Fall-Purdue-Hovde-2023_JU22184.jpg,The Engineering Fountain on the Purdue University campus.
https://www.purdue.edu/newsroom/wp-content/uploads/2024/07/pg-lawschoolLO.jpg,Purdue Global law school
https://www.purdue.edu/newsroom/wp-content/uploads/2024/05/Fall-Purdue-2023_KAL_4764.jpg,The Bell Tower at Purdue during the fall season.
https://www.purdue.edu/newsroom/wp-content/uploads/2024/05/Fall-Purdue-2023_KAL_4764.jpg,The Bell Tower at Purdue during the fall season.
https://www.purdue.edu/newsroom/wp-content/uploads/2024/05/Fall-Purdue-2023_GMB0217.jpg,A sidewalk during the fall season at Purdue University.
https://www.purdue.edu/newsroom/wp-content/uploads/2024/05/Purdue-Buildings-2024_GMB0611.jpg,A Purdue building and students walking
https://www.purdue.edu/newsroom/wp-content/uploads/2024/06/pt-in-print-novack-800x533-1.jpg,in-print-novack
https://www.purdue.edu/newsroom/wp-content/uploads/2024/06/pt-uw-kickoff-signs-800x533-1-1.jpg,pt-uw-kickoff-signs-800x533
https://www.purdue.edu/newsroom/wp-content/uploads/2024/05/wu-sensorgloveLO.jpg,Sensor gloves.
https://www.purdue.edu/newsroom/wp-content/uploads/2024/07/pg-successLO.jpg,Purdue Global logo
https://www.purdue.edu/newsroom/wp-content/uploads/2024/05/Winter-Purdue-2024_GMB5421.jpg,Academic building and snow on the Purdue University campus.
https://www.purdue.edu/newsroom/wp-content/uploads/2024/05/Fall-Purdue-2022_RM18839.jpg,A shot of the Purdue University campus during the fall season.
https://www.purdue.edu/newsroom/wp-content/uploads/2024/05/Purdue-Arch-2023_KAL_4891.jpg,A view of the Purdue Arch from the flowers.
https://www.purdue.edu/newsroom/wp-content/uploads/2024/07/malpass-dsbLO.jpg,David Malpass
https://www.purdue.edu/newsroom/wp-content/uploads/2024/06/pt-benefits-enrollment-800x533-1-1.jpg,
https://www.purdue.edu/newsroom/wp-content/uploads/2024/07/braden-prattLO.jpg,Ethan Braden and Kati Pratt
https://www.purdue.edu/newsroom/wp-content/uploads/2024/07/6gglobalroadmap-reportLO.jpg,The cover of the 6G Global Roadmap: A Taxonomy report
https://www.purdue.edu/newsroom/wp-content/uploads/2024/06/pt-marcom-website-800x533-1.jpg,
https://www.purdue.edu/newsroom/wp-content/uploads/2024/05/2017-Unfinished-Block-P.jpg,The unfinished Block P statue on the Purdue University campus.
https://www.purdue.edu/newsroom/wp-content/uploads/2024/05/Fall-Purdue-2022_JU27874.jpg,Students walking on the Purdue University campus during the fall season.
https://www.purdue.edu/newsroom/wp-content/uploads/2024/05/Fall-Purdue-2023_GMB5754.jpg,A view from Purdue University during the fall season
https://www.purdue.edu/newsroom/wp-content/uploads/2024/07/hook-microplasticlabLO.jpg,Tomas Höök
https://www.purdue.edu/newsroom/wp-content/uploads/2024/05/Purdue-Fountain-2023_KAL_7894.jpg,Purdue fountain
https://www.purdue.edu/newsroom/wp-content/uploads/2024/06/pt-lathrop.jpg,
https://www.purdue.edu/newsroom/wp-content/uploads/2024/06/pt-seed-success-800x533-1.jpg,
https://www.purdue.edu/newsroom/wp-content/uploads/2024/07/pglobal-graph23LO-1.jpg,Purdue Global logo
https://www.purdue.edu/newsroom/wp-content/uploads/2024/06/pt-life-summit-800x533-1.jpg,
https://www.purdue.edu/newsroom/wp-content/uploads/2024/05/Purdue-Arch-2022_JU19952.jpg,Purdue Arch
https://www.purdue.edu/newsroom/wp-content/uploads/2024/06/pt-braden-800x533-1.jpg,pt-braden-social
https://www.purdue.edu/newsroom/wp-content/uploads/2024/05/Purdue-Hovde-2024_GMB0532.jpg,Hovde Hall at Purdue University.
https://www.purdue.edu/newsroom/wp-content/uploads/2024/06/belltower-fallOG-1.jpg,The Bell Tower at Purdue University.
https://www.purdue.edu/newsroom/wp-content/uploads/2024/05/Fall-Purdue-2022_RM18712.jpg,
https://www.purdue.edu/newsroom/wp-content/uploads/2024/05/Fall-Purdue-2022_RM18676.jpg,
https://www.purdue.edu/newsroom/wp-content/uploads/2024/05/Fall-Purdue-2023_Z8C9151.jpg,The unfinished Block P statue on the Purdue University campus.
https://www.purdue.edu/newsroom/wp-content/uploads/2024/06/pt-ipai-town-hall-800x533-1.jpg,
https://www.purdue.edu/newsroom/wp-content/uploads/2024/07/mudawar-rocketLO.jpg,
https://www.purdue.edu/newsroom/wp-content/uploads/2024/05/Fall-Purdue-2023_GMB0325.jpg,Students walking during the fall season on the Purdue University campus.
https://www.purdue.edu/newsroom/wp-content/uploads/2024/05/Fall-Purdue-2023_GMB5754.jpg,A view from Purdue University during the fall season
https://www.purdue.edu/newsroom/wp-content/uploads/2024/05/Fall-Purdue-2022_RM18676.jpg,
https://www.purdue.edu/newsroom/wp-content/uploads/2024/07/pt-purdue-indysign-OG.jpg,Purdue University in Indianapolis sign
https://www.purdue.edu/newsroom/wp-content/uploads/2024/07/baghbanbashi-schlenklineLO.jpg,A researcher working in a lab setting
https://www.purdue.edu/newsroom/wp-content/uploads/2024/06/pt-community-spirit-hero.jpg,Shawn-Huddy
https://www.purdue.edu/newsroom/wp-content/uploads/2024/05/Purdue-Hovde-2024_GMB0532.jpg,Hovde Hall at Purdue University.
https://www.purdue.edu/newsroom/wp-content/uploads/2024/05/Fall-Purdue-2023_JU22206.jpg,The Engineering Fountain on the Purdue University campus.
https://www.purdue.edu/newsroom/wp-content/uploads/2024/07/pgvandenberg-vasquezLO.jpg,a Purdue Global representative hands out pamphlets
https://www.purdue.edu/newsroom/wp-content/uploads/2024/06/pt-season-of-sharing-800x533-1.png,
https://www.purdue.edu/newsroom/wp-content/uploads/2024/06/pt-ismail-center-hero.jpg,Charlie Catalano
https://www.purdue.edu/newsroom/wp-content/uploads/2024/05/Winter-Purdue-RJM5525.jpg,The Engineering Fountain during the winter season at Purdue University.
https://www.purdue.edu/newsroom/wp-content/uploads/2024/05/Purdue-Belltower-2024_GMB0604.jpg,The Purdue Bell Tower.
https://www.purdue.edu/newsroom/wp-content/uploads/2024/07/feustels-chiangsLO.jpg,"Purdue First Lady YingKei Hui, Purdue Presidential Ambassadors Drew and Indira Feustel, and Purdue President Mung Chiang."
https://www.purdue.edu/newsroom/wp-content/uploads/2024/06/pt-pufd-new-800x533-1.jpg,
https://www.purdue.edu/newsroom/wp-content/uploads/2024/05/Purdue-Arch-2023_KAL_4869.jpg,Purdue arch
https://www.purdue.edu/newsroom/wp-content/uploads/2024/05/Memorial-Mall-DJI-0060-2.jpg,Memorial Mall on the Purdue University campus.
https://www.purdue.edu/newsroom/wp-content/uploads/2024/05/Fall-Purdue-2022_JU27874.jpg,Students walking on the Purdue University campus during the fall season.
https://www.purdue.edu/newsroom/wp-content/uploads/2024/06/armstrong-fallOG.jpg,A picture of Armstrong Hall at Purdue University.
https://www.purdue.edu/newsroom/wp-content/uploads/2024/05/Winter-Purdue-Memorial-Union-RJM5693.jpg,The Purdue Memorial Union during the winter season.
https://www.purdue.edu/newsroom/wp-content/uploads/2024/07/pls-mosesLO.jpg,Beth Moses
https://www.purdue.edu/newsroom/wp-content/uploads/2024/07/oliver-drypathogenLO.jpg,Professor Haley Oliver
https://www.purdue.edu/newsroom/wp-content/uploads/2024/05/Purdue-Students-2024_GMB6381.jpg,Purdue students studying.
https://www.purdue.edu/newsroom/wp-content/uploads/2024/06/pt-in-print-zak-800x533-1.jpg,in-print-zak
https://www.purdue.edu/newsroom/wp-content/uploads/2024/05/Purdue-Hovde-2024_GMB0532.jpg,Hovde Hall at Purdue University.
https://www.purdue.edu/newsroom/wp-content/uploads/2024/06/pt-benefits-enrollment-800x533-1.jpg,
https://www.purdue.edu/newsroom/wp-content/uploads/2024/06/ejeta-fellowLO.jpg,Gebisa Ejeta
https://www.purdue.edu/newsroom/wp-content/uploads/2024/06/campus-fallLO.jpg,A fountain on the Purdue University campus.
https://www.purdue.edu/newsroom/wp-content/uploads/2024/07/skipper-alfalfaLO.jpg,A skipper rests on the flower of an alfalfa plant
https://www.purdue.edu/newsroom/wp-content/uploads/2024/05/riley-voteidLO.jpg,An example of a vote-ready Purdue ID.
https://www.purdue.edu/newsroom/wp-content/uploads/2024/06/pt-lh-summit-800x533-1.jpg,
https://www.purdue.edu/newsroom/wp-content/uploads/2024/05/Winter-Purdue-RJM5525.jpg,The Engineering Fountain during the winter season at Purdue University.
https://www.purdue.edu/newsroom/wp-content/uploads/2024/07/heartland-bioWorksLO.jpeg,A researcher in the lab
https://www.purdue.edu/newsroom/wp-content/uploads/2024/05/Fall-Purdue-2023_GMB5754.jpg,A view from Purdue University during the fall season
https://www.purdue.edu/newsroom/wp-content/uploads/2024/07/cole-pgkeynoteLO.jpg,Kahil Cole
https://www.purdue.edu/newsroom/wp-content/uploads/2024/06/pt-greenweek-800x533-1.jpg,pt-greenweek-800x533
https://www.purdue.edu/newsroom/wp-content/uploads/2024/05/Purdue-Fountain-2023_KAL_7894.jpg,Purdue fountain
https://www.purdue.edu/newsroom/wp-content/uploads/2024/05/Fall-Purdue-2023_Z8C9151.jpg,The unfinished Block P statue on the Purdue University campus.
https://www.purdue.edu/newsroom/wp-content/uploads/2024/05/Fall-Purdue-2022_JU27874.jpg,Students walking on the Purdue University campus during the fall season.
https://www.purdue.edu/newsroom/wp-content/uploads/2024/05/2017-Unfinished-Block-P.jpg,The unfinished Block P statue on the Purdue University campus.
https://www.purdue.edu/newsroom/wp-content/uploads/2024/06/campus-fallOG.jpg,The Loeb Fountain on the Purdue University campus.
https://www.purdue.edu/newsroom/wp-content/uploads/2024/06/gateway-archLO-1.jpg,
https://www.purdue.edu/newsroom/wp-content/uploads/2024/07/pgbuck-portraitLO.jpg,"Jeff Buck, dean of Purdue Global’s School of Business and Information Technology"
https://www.purdue.edu/newsroom/wp-content/uploads/2024/07/smith-asipOG.jpg,Students collaborating in a research classroom
https://www.purdue.edu/newsroom/wp-content/uploads/2024/05/Purdue-Buildings-2023_KAL_8110.jpg,Academic buildings on the Purdue University campus.
https://www.purdue.edu/newsroom/wp-content/uploads/2024/06/GatewayArchLO.jpg,
https://www.purdue.edu/newsroom/wp-content/uploads/2024/06/pt-pfl-dos-800x533-1.jpg,
https://www.purdue.edu/newsroom/wp-content/uploads/2024/05/Boilermaker-Special_RJM3309.jpg,The Boilermaker Special parked by the Engineering Fountain.
https://www.purdue.edu/newsroom/wp-content/uploads/2024/05/Fall-Purdue-Hovde-2023_JU22184.jpg,The Engineering Fountain on the Purdue University campus.
https://www.purdue.edu/newsroom/wp-content/uploads/2024/05/2017-Unfinished-Block-P.jpg,The unfinished Block P statue on the Purdue University campus.
https://www.purdue.edu/newsroom/wp-content/uploads/2024/05/pt-gateway-arch-800x533-1.jpg,The gateway to Purdue.
https://www.purdue.edu/newsroom/wp-content/uploads/2024/06/gateway-archLO-1-1.jpg,pt-gateway-arch-800x533
https://www.purdue.edu/newsroom/wp-content/uploads/2024/05/hoskins-pondLO.jpg,A man walking through a pond in a wildlife area.
https://www.purdue.edu/newsroom/wp-content/uploads/2024/07/pg-gardnerinstituteLO.jpg,Purdue Global and Gardner Institute logos
https://www.purdue.edu/newsroom/wp-content/uploads/2024/06/pt-life-science-summit-800x533-1.jpg,pt-life-science-summit-800x533
https://www.purdue.edu/newsroom/wp-content/uploads/2024/05/Fall-Purdue-2022_RM18712.jpg,
https://www.purdue.edu/newsroom/wp-content/uploads/2024/06/pt-pharmacy-ranking3-800x533-1.jpg,pt-pharmacy-ranking3-800x533
https://www.purdue.edu/newsroom/wp-content/uploads/2024/06/pt-mason-gillis-united-way-800x533-1.jpg,
https://www.purdue.edu/newsroom/wp-content/uploads/2024/05/Purdue-Arch-2023_KAL_4869.jpg,Purdue arch
https://www.purdue.edu/newsroom/wp-content/uploads/2024/06/cziczo-spacemetalLO.jpg,Dan Cziczo at the Purdue University Airport.
https://www.purdue.edu/newsroom/wp-content/uploads/2024/05/Fall-Purdue-2023_KAL_4780.jpg,The Bell Tower at Purdue University.
https://www.purdue.edu/newsroom/wp-content/uploads/2024/06/pt-nathaniel-fick-800x533-1.jpg,Nathaniel C. Fick
https://www.purdue.edu/newsroom/wp-content/uploads/2024/05/Fall-Purdue-2023_Z8C9151.jpg,The unfinished Block P statue on the Purdue University campus.
https://www.purdue.edu/newsroom/wp-content/uploads/2024/08/23pglobal-logo.jpeg,Purdue Global logo on a black background
https://www.purdue.edu/newsroom/wp-content/uploads/2024/06/Mung-North-Shore-Line-grapic-for-PT-800x533-1.jpg,Matthew Wells and Mung Chiang
https://www.purdue.edu/newsroom/wp-content/uploads/2024/06/pao-hallLO.jpg,
https://www.purdue.edu/newsroom/wp-content/uploads/2024/06/umulis-sustainabilityOG.jpg,umulis-sustainability
https://www.purdue.edu/newsroom/wp-content/uploads/2024/06/pt-design-lab-800x533-1.jpg,
https://www.purdue.edu/newsroom/wp-content/uploads/2024/05/Fall-Purdue-2023_KAL_4764.jpg,The Bell Tower at Purdue during the fall season.
https://www.purdue.edu/newsroom/wp-content/uploads/2024/06/pt-medical-network-800x533-1.jpg,
https://www.purdue.edu/newsroom/wp-content/uploads/2024/06/zakharov-zsinstrumentsLO.jpg,"Sergey Zakharov, co-founder and chief technology officer of ZS Instruments."
https://www.purdue.edu/newsroom/wp-content/uploads/2024/06/blockp-fallOG.jpg,The Unfinished Block P on the Purdue University campus.
https://www.purdue.edu/newsroom/wp-content/uploads/2024/06/pt-special-boilermaker-800x533-1.png,pt-special-boilermaker-800x450
https://www.purdue.edu/newsroom/wp-content/uploads/2024/05/2017-Unfinished-Block-P.jpg,The unfinished Block P statue on the Purdue University campus.
https://www.purdue.edu/newsroom/wp-content/uploads/2024/06/pt-sabre-kais-800x533-1.jpg,sabre-kais
https://www.purdue.edu/newsroom/wp-content/uploads/2024/05/Fall-Purdue-2023_Z8C9151.jpg,The unfinished Block P statue on the Purdue University campus.
https://www.purdue.edu/newsroom/wp-content/uploads/2024/07/aerovymobility-aircraftOG-1.jpg,electric aviation charging technology
https://www.purdue.edu/newsroom/wp-content/uploads/2024/06/pt-aae-lab-800x533-1.jpg,pt-aae-lab-800x533
https://www.purdue.edu/newsroom/wp-content/uploads/2024/05/balagtas-josephOG.jpg,Joseph Balagtas poses for a photo.
https://www.purdue.edu/newsroom/wp-content/uploads/2024/06/pt-green-ribbon-800x533-1.jpg,pt-green-ribbon-800x450
https://www.purdue.edu/newsroom/wp-content/uploads/2024/05/Fall-Purdue-JU27458.jpg,The Purdue Bell Tower during the fall.
https://www.purdue.edu/newsroom/wp-content/uploads/2024/06/GatewayArchLO-1.jpg,
https://www.purdue.edu/newsroom/wp-content/uploads/2024/07/chianggallardo-broadbandLO.jpg,Purdue President Mung Chiang and Roberto Gallardo
https://www.purdue.edu/newsroom/wp-content/uploads/2024/07/pari-usaidclimateOG.jpg,A graphic representing the earth and climate change
https://www.purdue.edu/newsroom/wp-content/uploads/2024/07/gomez-prostatecancerOG.jpg,Hector Gomez
https://www.purdue.edu/newsroom/wp-content/uploads/2024/05/state-grant-gatewayOG.jpg,The State and Grant Street Gateway at Purdue University.
https://www.purdue.edu/newsroom/wp-content/uploads/2024/05/boilermaker-statue2310OG.jpg,Looking up at the Boilermaker statue.
https://www.purdue.edu/newsroom/wp-content/uploads/2024/05/Fall-Purdue-JU27458.jpg,The Purdue Bell Tower during the fall.
https://www.purdue.edu/newsroom/wp-content/uploads/2024/05/belltower-fallOG.jpg,A picture of the Purdue Bell Tower.
https://www.purdue.edu/newsroom/wp-content/uploads/2024/06/bell-tower-aerialLO.jpg,The Purdue Bell Tower and academic buildings.
https://www.purdue.edu/newsroom/wp-content/uploads/2024/05/Purdue-Belltower-2023_KAL_0252-2.jpg,A picture of the Bell Tower through some trees.
https://www.purdue.edu/newsroom/wp-content/uploads/2024/05/unfinished-blockpLO.jpg,The Unfinished Block P statue on the Purdue University campus.
https://www.purdue.edu/newsroom/wp-content/uploads/2024/05/Fall-Purdue-JU27458.jpg,The Purdue Bell Tower during the fall.
https://www.purdue.edu/newsroom/wp-content/uploads/2024/05/Purdue-Buildings-2023_KAL_8110.jpg,Academic buildings on the Purdue University campus.
https://www.purdue.edu/newsroom/wp-content/uploads/2024/06/pt-uni-hall-chiang-800x533-1.jpg,pt-uni-hall-rendering-800x533
https://www.purdue.edu/newsroom/wp-content/uploads/2024/06/pt-fan-yang-800x533-1.jpg,pt-fan-yang-800x533
https://www.purdue.edu/newsroom/wp-content/uploads/2024/05/Fall-Purdue-2022_RM18712.jpg,
https://www.purdue.edu/newsroom/wp-content/uploads/2024/05/Winter-Purdue-2022_RM24813-1.jpg,John Purdue statue
https://www.purdue.edu/newsroom/wp-content/uploads/2024/06/pt-new-faculty-fair1-800x450-1-1.jpg,pt-new-faculty-fair1-800x450
https://www.purdue.edu/newsroom/wp-content/uploads/2024/05/Purdue-Arch-2023_KAL_4891.jpg,A view of the Purdue Arch from the flowers.
https://www.purdue.edu/newsroom/wp-content/uploads/2024/06/hovdeLO.jpg,Hovde Hall during the summer at Purdue University.
https://www.purdue.edu/newsroom/wp-content/uploads/2024/06/pt-westwood-lectureLO.jpg,
https://www.purdue.edu/newsroom/wp-content/uploads/2024/05/Fall-Purdue-2022_RM18839.jpg,A shot of the Purdue University campus during the fall season.
https://www.purdue.edu/newsroom/wp-content/uploads/2024/06/pt-underwood-bowman-800x533-1.jpg,pt-underwood-bowman-OG
https://www.purdue.edu/newsroom/wp-content/uploads/2024/05/Purdue-Belltower-2024_GMB0604.jpg,The Purdue Bell Tower.
https://www.purdue.edu/newsroom/wp-content/uploads/2024/05/Fall-Purdue-Hovde-2023_JU22184.jpg,The Engineering Fountain on the Purdue University campus.
https://www.purdue.edu/newsroom/wp-content/uploads/2024/07/ramani-aiLO.jpg,"Diana Gehlhaus, Yelena Vaynberg, Dr. Karthik Ramani, and Dr. Jonathan Cagan"
https://www.purdue.edu/newsroom/wp-content/uploads/2024/07/appenzeller-csmeLO.jpg,Joerg Appenzeller
https://www.purdue.edu/newsroom/wp-content/uploads/2024/07/yoon-chienlabLO.jpg,Yuan-Chi Chien
https://www.purdue.edu/newsroom/wp-content/uploads/2024/07/fastco-btm23LO.jpg,A graphic representing A Brand That Matters recognition
https://www.purdue.edu/newsroom/wp-content/uploads/2024/05/biller-malsheLO.jpg,Stephan Biller and Ajay Malshe talking in an office setting.
https://www.purdue.edu/newsroom/wp-content/uploads/2024/05/Fall-Purdue-2023_GMB7672.jpg,Purdue University during the fall season
https://www.purdue.edu/newsroom/wp-content/uploads/2024/06/arnas-david-cislunarLO.jpg,David Arnas sitting in a classroom.
https://www.purdue.edu/newsroom/wp-content/uploads/2024/07/soiltemptoolLO.jpg,A chemical applicator drives through a field
https://www.purdue.edu/newsroom/wp-content/uploads/2024/06/pt-toastmasters-hero-800x533-1.jpg,pt-toastmasters
https://www.purdue.edu/newsroom/wp-content/uploads/2024/05/Fall-Purdue-2022_RM18712.jpg,
https://www.purdue.edu/newsroom/wp-content/uploads/2024/05/Winter-Purdue-DSC0202.jpg,Gateway to the Future arch at Purdue University.
https://www.purdue.edu/newsroom/wp-content/uploads/2024/07/pg-degreeLO.jpg,Purdue Global logo
https://www.purdue.edu/newsroom/wp-content/uploads/2024/06/aims-tourLO.jpg,"The group that toured the National Institute for Bioprocessing Research and Training in Dublin, Ireland."
https://www.purdue.edu/newsroom/wp-content/uploads/2024/05/Fall-Purdue-2022_RM18712.jpg,
https://www.purdue.edu/newsroom/wp-content/uploads/2024/05/Fall-Purdue-2022_JU27874.jpg,Students walking on the Purdue University campus during the fall season.
https://www.purdue.edu/newsroom/wp-content/uploads/2024/06/pglobal-graph23OG.jpg,Purdue Global
https://www.purdue.edu/newsroom/wp-content/uploads/2024/05/Fall-Purdue-2023_KAL_4764.jpg,The Bell Tower at Purdue during the fall season.
https://www.purdue.edu/newsroom/wp-content/uploads/2024/05/Fall-Purdue-JU27458.jpg,The Purdue Bell Tower during the fall.
https://www.purdue.edu/newsroom/wp-content/uploads/2024/07/graham-lillyscholarsLO.jpg,Purdue students at a welcome event
https://www.purdue.edu/newsroom/wp-content/uploads/2024/05/Fall-Purdue-2022_JU27874.jpg,Students walking on the Purdue University campus during the fall season.
https://www.purdue.edu/newsroom/wp-content/uploads/2024/07/zavattieri-matsLO.gif,Intelligent architected materials
https://www.purdue.edu/newsroom/wp-content/uploads/2024/05/Fall-Purdue-2023_GMB0325.jpg,Students walking during the fall season on the Purdue University campus.
https://www.purdue.edu/newsroom/wp-content/uploads/2024/05/Purdue-Hovde-2024_GMB0532.jpg,Hovde Hall at Purdue University.
https://www.purdue.edu/newsroom/wp-content/uploads/2024/05/Purdue-Arch-2023_KAL_4869.jpg,Purdue arch
https://www.purdue.edu/newsroom/wp-content/uploads/2024/07/jin-leafspecLO.jpg,
https://www.purdue.edu/newsroom/wp-content/uploads/2024/05/Fall-Purdue-2023_JU22206.jpg,The Engineering Fountain on the Purdue University campus.
https://www.purdue.edu/newsroom/wp-content/uploads/2024/05/Fall-Purdue-2023_GMB7672.jpg,Purdue University during the fall season
https://www.purdue.edu/newsroom/wp-content/uploads/2024/05/pt-chiang-flu-shotLO.jpg,
https://www.purdue.edu/newsroom/wp-content/uploads/2024/05/Fall-Purdue-JU27458.jpg,The Purdue Bell Tower during the fall.
https://www.purdue.edu/newsroom/wp-content/uploads/2024/07/militaryadvboard-groupOG.jpg,
https://www.purdue.edu/newsroom/wp-content/uploads/2024/07/bean-greenhouseLO.jpg,bean greenhouse
https://www.purdue.edu/newsroom/wp-content/uploads/2024/05/Purdue-Hovde-2024_GMB0532.jpg,Hovde Hall at Purdue University.
https://www.purdue.edu/newsroom/wp-content/uploads/2024/05/Fall-Purdue-2023_KAL_4650.jpg,An academic building on the Purdue University campus.
https://www.purdue.edu/newsroom/wp-content/uploads/2024/05/Purdue-Fountain-2023_KAL_7894.jpg,Purdue fountain
https://www.purdue.edu/newsroom/wp-content/uploads/2024/05/Winter-Purdue-DSC4424.jpg,Trees and an academic building on Purdue University during the winter season.
https://www.purdue.edu/newsroom/wp-content/uploads/2024/05/Purdue-Belltower-2024_GMB0492.jpg,Students on the Purdue University campus.
https://www.purdue.edu/newsroom/wp-content/uploads/2024/07/semihub-researchersLO.jpg,Two people collaborating in a lab setting
https://www.purdue.edu/newsroom/wp-content/uploads/2024/07/thompson-bennuLO.jpg,
https://www.purdue.edu/newsroom/wp-content/uploads/2024/08/23pglobal-logo.jpeg,Purdue Global logo on a black background
https://www.purdue.edu/newsroom/wp-content/uploads/2024/06/pt-mendes-jpg.jpeg,Januario-Mendes
https://www.purdue.edu/newsroom/wp-content/uploads/2024/05/Winter-Purdue-2024_RR18110.jpg,A shot of the Purdue University campus during the winter season.
https://www.purdue.edu/newsroom/wp-content/uploads/2024/05/Fall-Purdue-2023_KAL_4764.jpg,The Bell Tower at Purdue during the fall season.
https://www.purdue.edu/newsroom/wp-content/uploads/2024/05/Purdue-Arch-2022_JU19952.jpg,Purdue Arch
https://www.purdue.edu/newsroom/wp-content/uploads/2024/06/pt-uw-kickoff-group-800x533-1.jpg,https://www.purdue.edu/uns/images/2023/pt-uw-kickoff-group-800x533.jpg
https://www.purdue.edu/newsroom/wp-content/uploads/2024/07/pfl-trimbleOG.jpg,Trimble Technology Lab at Purdue
https://www.purdue.edu/newsroom/wp-content/uploads/2024/05/appenzeller-csmeLO.jpg,Joerg Appenzeller
https://www.purdue.edu/newsroom/wp-content/uploads/2024/05/Fall-Purdue-2023_KAL_4764.jpg,The Bell Tower at Purdue during the fall season.
https://www.purdue.edu/newsroom/wp-content/uploads/2024/05/Fall-Purdue-2022_RM18839.jpg,A shot of the Purdue University campus during the fall season.
https://www.purdue.edu/newsroom/wp-content/uploads/2024/07/horgan-centerOG.jpg,
https://www.purdue.edu/newsroom/wp-content/uploads/2023/09/verma-testprototypeLO.jpg,Mohit Verma
https://www.purdue.edu/newsroom/wp-content/uploads/2024/05/Fall-Purdue-2023_KAL_4764.jpg,The Bell Tower at Purdue during the fall season.
https://www.purdue.edu/newsroom/wp-content/uploads/2024/05/Fall-Purdue-2022_RM18676.jpg,
https://www.purdue.edu/newsroom/wp-content/uploads/2024/06/pglobal-graph23OG.jpg,Purdue Global
https://www.purdue.edu/newsroom/wp-content/uploads/2024/07/campus-fallLO-1.jpg,A fountain during the fall season on the Purdue University campus.
https://www.purdue.edu/newsroom/wp-content/uploads/2024/05/Fall-Purdue-Hovde-2023_JU22184.jpg,The Engineering Fountain on the Purdue University campus.
https://www.purdue.edu/newsroom/wp-content/uploads/2024/05/Fall-Purdue-2023_KAL_4764.jpg,The Bell Tower at Purdue during the fall season.
https://www.purdue.edu/newsroom/wp-content/uploads/2024/05/Purdue-Students-2024_GMB6381.jpg,Purdue students studying.
https://www.purdue.edu/newsroom/wp-content/uploads/2024/06/pt-uw-launch-800x533-1.jpg,pt-uw-launch-800x533
https://www.purdue.edu/newsroom/wp-content/uploads/2024/07/usnwr-ugranking24LO.jpg,Purdue ranking graphic
https://www.purdue.edu/newsroom/wp-content/uploads/2024/05/Boilermaker-Special_RJM3309.jpg,The Boilermaker Special parked by the Engineering Fountain.
https://www.purdue.edu/newsroom/wp-content/uploads/2024/06/mohammadi-fieldLO.jpg,Mohsen-Mohammadi
https://www.purdue.edu/newsroom/wp-content/uploads/2024/05/Purdue-Hovde-2024_GMB0532.jpg,Hovde Hall at Purdue University.
https://www.purdue.edu/newsroom/wp-content/uploads/2024/07/low-malariaOG.jpg,Philip Low
https://www.purdue.edu/newsroom/wp-content/uploads/2024/07/chiang-enrollment23LO.jpg,Students at Purdue University
https://www.purdue.edu/newsroom/wp-content/uploads/2024/05/2017-Unfinished-Block-P.jpg,The unfinished Block P statue on the Purdue University campus.
https://www.purdue.edu/newsroom/wp-content/uploads/2024/05/Purdue-Fountain-2023_KAL_7894.jpg,Purdue fountain
https://www.purdue.edu/newsroom/wp-content/uploads/2024/07/chiang-boilerchipLO.jpg,Purdue University President Mung Chiang
https://www.purdue.edu/newsroom/wp-content/uploads/2024/05/pt-vitual-forum-800x533-1.jpg,pt-virtual-forum-600x300
https://www.purdue.edu/newsroom/wp-content/uploads/2024/05/2017-Unfinished-Block-P.jpg,The unfinished Block P statue on the Purdue University campus.
https://www.purdue.edu/newsroom/wp-content/uploads/2024/07/wallace-joeyLO.jpg,
https://www.purdue.edu/newsroom/wp-content/uploads/2024/07/wilker-adhesivesLO.jpg,Purdue University chemistry professor Jonathan Wilker
https://www.purdue.edu/newsroom/wp-content/uploads/2024/06/fastco-innovationfestLO.jpg,Purdue President Mung Chiang and professor Luna Lu.
https://www.purdue.edu/newsroom/wp-content/uploads/2024/06/pg-brandweekOG.jpg,Purdue Global in partnership with Adweek/Brandweek.
https://www.purdue.edu/newsroom/wp-content/uploads/2024/07/liang-forestdesertLO.jpg,Northeastern China
https://www.purdue.edu/newsroom/wp-content/uploads/2024/07/uspatent2309LO.jpg,A graphic representing Purdue as a national innovation leader
https://www.purdue.edu/newsroom/wp-content/uploads/2024/06/fnr23awards-LO.jpg,"Dave Case, Trent Osmon, Adam Janke, Emily McCallen, and John “Jack” Seifert."
https://www.purdue.edu/newsroom/wp-content/uploads/2024/05/Fall-Purdue-JU27458.jpg,The Purdue Bell Tower during the fall.
https://www.purdue.edu/newsroom/wp-content/uploads/2024/06/pt-tao-lab-800x533-1.jpg,Andy Tao
https://www.purdue.edu/newsroom/wp-content/uploads/2024/05/pt-software-engineering2-800x533-1.jpg,pt-software-engineering2-800x533
https://www.purdue.edu/newsroom/wp-content/uploads/2024/05/Memorial-Mall-DJI-0060-2.jpg,Memorial Mall on the Purdue University campus.
https://www.purdue.edu/newsroom/wp-content/uploads/2024/06/pt-hb-logo-pillars-gold-800x450-1.png,pt-hb-logo-pillars-gold-800x450
https://www.purdue.edu/newsroom/wp-content/uploads/2024/07/adam-smallestdrumLO.jpg,Researches working in the lab
https://www.purdue.edu/newsroom/wp-content/uploads/2024/05/Fall-Purdue-Hovde-2023_JU22184.jpg,The Engineering Fountain on the Purdue University campus.
https://www.purdue.edu/newsroom/wp-content/uploads/2024/05/Purdue-Students-2024_GMB6381.jpg,Purdue students studying.
https://www.purdue.edu/newsroom/wp-content/uploads/2024/07/king-htmOG.jpg,
https://www.purdue.edu/newsroom/wp-content/uploads/2024/05/Fall-Purdue-2023_Z8C9151.jpg,The unfinished Block P statue on the Purdue University campus.
https://www.purdue.edu/newsroom/wp-content/uploads/2024/05/Purdue-Hovde-2024_GMB0532.jpg,Hovde Hall at Purdue University.
https://www.purdue.edu/newsroom/wp-content/uploads/2024/07/schmidt-adhesivesLO.jpg,
https://www.purdue.edu/newsroom/wp-content/uploads/2024/06/scale-fundingOG.jpg,Carol Handwerker in lab.
https://www.purdue.edu/newsroom/wp-content/uploads/2024/05/Fall-Purdue-2022_RM18839.jpg,A shot of the Purdue University campus during the fall season.
https://www.purdue.edu/newsroom/wp-content/uploads/2024/05/nimitz-purdueflagOG.jpg,"Dimitrios Peroulis, Frank Dooley and Kelvin Gumbs holding a Purdue Boiler Up flag."
https://www.purdue.edu/newsroom/wp-content/uploads/2024/06/craneannouncement-LO.jpg,"Chiang, Plaut, Baird and others at Crane announcement."
https://www.purdue.edu/newsroom/wp-content/uploads/2023/09/pt-life-science-summit-800x533-1.jpg,Student at lab
https://www.purdue.edu/newsroom/wp-content/uploads/2024/05/Purdue-Fountain-2023_KAL_7894.jpg,Purdue fountain
https://www.purdue.edu/newsroom/wp-content/uploads/2024/05/Winter-Purdue-RJM5525.jpg,The Engineering Fountain during the winter season at Purdue University.
https://www.purdue.edu/newsroom/wp-content/uploads/2024/06/pt-audiology-main-800x533-1.jpg,pt-audiology-main-800x533
https://www.purdue.edu/newsroom/wp-content/uploads/2024/07/kasinski-cancerLO.jpg,
https://www.purdue.edu/newsroom/wp-content/uploads/2024/07/DCTC-cohortLO.jpg,
https://www.purdue.edu/newsroom/wp-content/uploads/2024/05/Fall-Purdue-2023_Z8C9151.jpg,The unfinished Block P statue on the Purdue University campus.
https://www.purdue.edu/newsroom/wp-content/uploads/2024/05/pt-alumni-reunion-800x533-1.png,inaugural Entrepreneurial Alumni Reunion
https://www.purdue.edu/newsroom/wp-content/uploads/2024/06/pt-ross-ade-new-800x533-1.jpeg,pt-ross-ade-new-800x533
https://www.purdue.edu/newsroom/wp-content/uploads/2024/06/braden-prattLO.jpg,Ethan Braden and Kati Pratt
https://www.purdue.edu/newsroom/wp-content/uploads/2024/06/pt-new-faculty-fair1-800x450-1.jpg,pt-new-faculty-fair1-800x450
https://www.purdue.edu/newsroom/wp-content/uploads/2024/05/Fall-Purdue-2022_RM18676.jpg,
https://www.purdue.edu/newsroom/wp-content/uploads/2024/05/Fall-Purdue-2023_KAL_4650.jpg,An academic building on the Purdue University campus.
https://www.purdue.edu/newsroom/wp-content/uploads/2024/05/Fall-Purdue-Hovde-2023_JU22184.jpg,The Engineering Fountain on the Purdue University campus.
https://www.purdue.edu/newsroom/wp-content/uploads/2024/07/stwalley-coolingLO.jpg,
https://www.purdue.edu/newsroom/wp-content/uploads/2024/05/Purdue-Belltower-2024_GMB0492.jpg,Students on the Purdue University campus.
https://www.purdue.edu/newsroom/wp-content/uploads/2024/08/PurdueMemorialUnion-min.png,Purdue Memorial Union
https://www.purdue.edu/newsroom/wp-content/uploads/2024/07/scale-fundingLO.jpg,Anna Murray places printed circuit board samples into an oven
https://www.purdue.edu/newsroom/wp-content/uploads/2024/07/streak-cameraLO.jpg,Colton Fruhling and Mustafa Goksu Ozlu
https://www.purdue.edu/newsroom/wp-content/uploads/2024/06/jung-xprizesingaporeLO.jpg,Singapore’s urban rainforest.
https://www.purdue.edu/newsroom/wp-content/uploads/2024/07/shi-concussionLO.jpg,
https://www.purdue.edu/newsroom/wp-content/uploads/2024/06/pt-campus-safety-800x533-1.jpg,pt-campus-safety-800x533
https://www.purdue.edu/newsroom/wp-content/uploads/2024/06/pgharbor-aiLO.jpg,Austin Lawton and Jon Harbor chat at a table with two laptops open and a large screen on the wall behind them.
https://www.purdue.edu/newsroom/wp-content/uploads/2024/06/pt-fall-construction-800x533-1-scaled.jpg,
https://www.purdue.edu/newsroom/wp-content/uploads/2024/05/Fall-Purdue-Hovde-2023_JU22184.jpg,The Engineering Fountain on the Purdue University campus.
https://www.purdue.edu/newsroom/wp-content/uploads/2024/06/pt-libai-huang-800x533-1.jpg,libai-huang
https://www.purdue.edu/newsroom/wp-content/uploads/2024/06/pt-alice-johnson-800x533-1.jpg,Alice-Johnson
https://www.purdue.edu/newsroom/wp-content/uploads/2024/06/pt-Colombia-gomez-lab.jpg,pt-Colombia-group
https://www.purdue.edu/newsroom/wp-content/uploads/2024/05/Purdue-Bell-Tower-RJM-2923.jpg,The Purdue Bell Tower and spring flowers.
https://www.purdue.edu/newsroom/wp-content/uploads/2024/06/pt-colombia-juan.jpg,pt-colombia-juan
https://www.purdue.edu/newsroom/wp-content/uploads/2024/05/Purdue-Arch-2022_JU19952.jpg,Purdue Arch
https://www.purdue.edu/newsroom/wp-content/uploads/2024/05/Fall-Purdue-2023_GMB0325.jpg,Students walking during the fall season on the Purdue University campus.
https://www.purdue.edu/newsroom/wp-content/uploads/2024/06/pt-amey-luktuke-800x533-1.jpg,
https://www.purdue.edu/newsroom/wp-content/uploads/2024/05/Fall-Purdue-2023_GMB0325.jpg,Students walking during the fall season on the Purdue University campus.
https://www.purdue.edu/newsroom/wp-content/uploads/2024/05/Fall-Purdue-2023_GMB5754.jpg,A view from Purdue University during the fall season
https://www.purdue.edu/newsroom/wp-content/uploads/2024/05/pt-gateway-arch-800x533-2.jpg,pt-gateway-arch-800x450
https://www.purdue.edu/newsroom/wp-content/uploads/2024/05/Purdue-Buildings-2023_KAL_8110.jpg,Academic buildings on the Purdue University campus.
https://www.purdue.edu/newsroom/wp-content/uploads/2024/07/lyowave-dryingLO.jpg,Ahmad Darwish
https://www.purdue.edu/newsroom/wp-content/uploads/2024/05/Purdue-Belltower-2024_GMB0492.jpg,Students on the Purdue University campus.
https://www.purdue.edu/newsroom/wp-content/uploads/2024/05/Fall-Purdue-2023_KAL_4764.jpg,The Bell Tower at Purdue during the fall season.
https://www.purdue.edu/newsroom/wp-content/uploads/2024/05/Boilermaker-Special_RJM3309.jpg,The Boilermaker Special parked by the Engineering Fountain.
https://www.purdue.edu/newsroom/wp-content/uploads/2024/06/gowher-mammalsLO.jpg,Isaiah Mensah and Humaira Gowher
https://www.purdue.edu/newsroom/wp-content/uploads/2024/05/Winter-Purdue-2024_RR18110.jpg,A shot of the Purdue University campus during the winter season.
https://www.purdue.edu/newsroom/wp-content/uploads/2024/06/pt-perspective-view-korolev-crater800x533.jpeg,perspective-view-of-korolev-crater
https://www.purdue.edu/newsroom/wp-content/uploads/2024/05/Fall-Purdue-Hovde-2023_JU22184.jpg,The Engineering Fountain on the Purdue University campus.
https://www.purdue.edu/newsroom/wp-content/uploads/2024/05/Purdue-Hovde-2024_GMB0532.jpg,Hovde Hall at Purdue University.
https://www.purdue.edu/newsroom/wp-content/uploads/2024/07/navy-onlineLO.jpg,Representatives from Purdue University and the U.S. Naval Test Pilot School
https://www.purdue.edu/newsroom/wp-content/uploads/2024/06/pt-dowgala2-800x533-1.jpeg,pt-dowgala2-800x533
https://www.purdue.edu/newsroom/wp-content/uploads/2024/05/Fall-Purdue-2023_GMB0217.jpg,A sidewalk during the fall season at Purdue University.
https://www.purdue.edu/newsroom/wp-content/uploads/2024/05/Memorial-Mall-DJI-0060-2.jpg,Memorial Mall on the Purdue University campus.
https://www.purdue.edu/newsroom/wp-content/uploads/2024/06/pt-boiler-gold-rush-800x533-1.jpg,Students crossing the tracks at BGR
https://www.purdue.edu/newsroom/wp-content/uploads/2024/05/Fall-Purdue-2022_JU27874.jpg,Students walking on the Purdue University campus during the fall season.
https://www.purdue.edu/newsroom/wp-content/uploads/2024/05/Fall-Purdue-2023_JU22206.jpg,The Engineering Fountain on the Purdue University campus.
https://www.purdue.edu/newsroom/wp-content/uploads/2024/05/Fall-Purdue-Hovde-2023_JU22184.jpg,The Engineering Fountain on the Purdue University campus.
https://www.purdue.edu/newsroom/wp-content/uploads/2024/06/campus-aerialLO.jpg,Engineering fountain.
https://www.purdue.edu/newsroom/wp-content/uploads/2024/06/farmers-marketLO.jpg,farmers-market
https://www.purdue.edu/newsroom/wp-content/uploads/2024/05/pt-chiang-movein-800x533-1.jpg,pt-chiang-movein-800x533
https://www.purdue.edu/newsroom/wp-content/uploads/2024/05/Purdue-Arch-2022_JU19952.jpg,Purdue Arch
https://www.purdue.edu/newsroom/wp-content/uploads/2024/07/cbfforensics-labLO.jpg,
https://www.purdue.edu/newsroom/wp-content/uploads/2024/06/pglobal-graph23OG.jpg,Purdue Global
https://www.purdue.edu/newsroom/wp-content/uploads/2024/06/pls-cerf-kahnLO.jpg,pls-cerf-kahn
https://www.purdue.edu/newsroom/wp-content/uploads/2024/05/Purdue-Bell-Tower-RJM-2923.jpg,The Purdue Bell Tower and spring flowers.
https://www.purdue.edu/newsroom/wp-content/uploads/2024/05/Purdue-Fountain-2023_KAL_7894.jpg,Purdue fountain
https://www.purdue.edu/newsroom/wp-content/uploads/2024/07/wisecaver-algalbloomsLO.jpg,
https://www.purdue.edu/newsroom/wp-content/uploads/2024/05/Fall-Purdue-2023_JU22206.jpg,The Engineering Fountain on the Purdue University campus.
https://www.purdue.edu/newsroom/wp-content/uploads/2024/07/asha-jengaLO.jpg,
https://www.purdue.edu/newsroom/wp-content/uploads/2024/05/Fall-Purdue-2022_RM18839.jpg,A shot of the Purdue University campus during the fall season.
https://www.purdue.edu/newsroom/wp-content/uploads/2024/06/pt-pufd-promotion-ceremony-800x533-1.jpg,
https://www.purdue.edu/newsroom/wp-content/uploads/2024/05/pt-canine-genetics-lab-800x533-1.jpg,
https://www.purdue.edu/newsroom/wp-content/uploads/2024/05/pt-pence-tour-800x533-1.jpg,pt-pence-tour-800x533
https://www.purdue.edu/newsroom/wp-content/uploads/2024/05/Purdue-Bell-Tower-RJM-2923.jpg,The Purdue Bell Tower and spring flowers.
https://www.purdue.edu/newsroom/wp-content/uploads/2024/06/mobile-rolloutLO.jpg,Ruby Foster and Ohinoiyi David Momoh showing off Purdue Mobile ID.
https://www.purdue.edu/newsroom/wp-content/uploads/2024/07/purdue-nascarLO.jpg,A Ford Mustang sponsored by Purdue University in Indianapolis
https://www.purdue.edu/newsroom/wp-content/uploads/2024/05/Memorial-Mall-DJI-0060-2.jpg,Memorial Mall on the Purdue University campus.
https://www.purdue.edu/newsroom/wp-content/uploads/2024/07/nexus-hikingLO.jpg,
https://www.purdue.edu/newsroom/wp-content/uploads/2024/05/Fall-Purdue-2023_GMB0325.jpg,Students walking during the fall season on the Purdue University campus.
https://www.purdue.edu/newsroom/wp-content/uploads/2024/07/clint-chapplelabLO.jpg,
https://www.purdue.edu/newsroom/wp-content/uploads/2024/05/Fall-Purdue-JU27458.jpg,The Purdue Bell Tower during the fall.
https://www.purdue.edu/newsroom/wp-content/uploads/2024/06/pglobal-graph23OG.jpg,Purdue Global
https://www.purdue.edu/newsroom/wp-content/uploads/2024/05/Purdue-Bell-Tower-RJM-2923.jpg,The Purdue Bell Tower and spring flowers.
https://www.purdue.edu/newsroom/wp-content/uploads/2024/07/hillenbrand-hallLO.jpg,Hillenbrand Residence Hall
https://www.purdue.edu/newsroom/wp-content/uploads/2024/05/Purdue-Arch-2023_KAL_4891.jpg,A view of the Purdue Arch from the flowers.
https://www.purdue.edu/newsroom/wp-content/uploads/2024/07/NPEB-renderingLO.jpg,A conceptual rendering of Purdue’s Nursing and Pharmacy Education Building
https://www.purdue.edu/newsroom/wp-content/uploads/2024/05/Purdue-Arch-2023_KAL_4869.jpg,Purdue arch
https://www.purdue.edu/newsroom/wp-content/uploads/2024/07/purdue-airportLO-1.jpg,Aerial shot of the Purdue Airport
https://www.purdue.edu/newsroom/wp-content/uploads/2024/05/Fall-Purdue-Hovde-2023_JU22184.jpg,The Engineering Fountain on the Purdue University campus.
https://www.purdue.edu/newsroom/wp-content/uploads/2024/05/Purdue-Belltower-2023_KAL_0252-2.jpg,A picture of the Bell Tower through some trees.
https://www.purdue.edu/newsroom/wp-content/uploads/2024/06/pt-engagement-award-800x533-1.jpg,
https://www.purdue.edu/newsroom/wp-content/uploads/2024/05/Purdue-Arch-2023_KAL_4891.jpg,A view of the Purdue Arch from the flowers.
https://www.purdue.edu/newsroom/wp-content/uploads/2024/07/riazoluwabenga-chickensLO.jpg,
https://www.purdue.edu/newsroom/wp-content/uploads/2024/07/pglobal-liftLO.jpg,
https://www.purdue.edu/newsroom/wp-content/uploads/2024/07/rawja-foodLO.jpg,
https://www.purdue.edu/newsroom/wp-content/uploads/2024/07/massey-anugrantLO.jpg,
https://www.purdue.edu/newsroom/wp-content/uploads/2024/07/kazemian-tcellOG.jpg,
https://www.purdue.edu/newsroom/wp-content/uploads/2024/06/pg-montgomeryLO.jpg,Purdue Global partnership with Montgomery County Memorial.
https://www.purdue.edu/newsroom/wp-content/uploads/2024/07/jacob-hadarLO.jpg,heat-assisted detection and ranging
https://www.purdue.edu/newsroom/wp-content/uploads/2024/05/2017-Unfinished-Block-P.jpg,The unfinished Block P statue on the Purdue University campus.
https://www.purdue.edu/newsroom/wp-content/uploads/2024/05/Fall-Purdue-2023_GMB5754.jpg,A view from Purdue University during the fall season
https://www.purdue.edu/newsroom/wp-content/uploads/2024/05/Winter-Purdue-2024_JU25323.jpg,A shot of the Purdue University campus during the winter season.
https://www.purdue.edu/newsroom/wp-content/uploads/2024/06/pt-faculty-fulbright.jpg,
https://www.purdue.edu/newsroom/wp-content/uploads/2024/07/purdue-researchLO.jpg,Research scientist at Birck Nanotechnology Center
https://www.purdue.edu/newsroom/wp-content/uploads/2024/06/pglobal-graph23OG.jpg,Purdue Global
https://www.purdue.edu/newsroom/wp-content/uploads/2024/05/Purdue-Arch-2022_JU19952.jpg,Purdue Arch
https://www.purdue.edu/newsroom/wp-content/uploads/2024/05/Purdue-Fountain-2023_KAL_7894.jpg,Purdue fountain
https://www.purdue.edu/newsroom/wp-content/uploads/2024/05/Purdue-Hovde-2024_GMB0532.jpg,Hovde Hall at Purdue University.
https://www.purdue.edu/newsroom/wp-content/uploads/2024/05/ruan-paint-brushLO.jpg,ruan-paint%20brush
https://www.purdue.edu/newsroom/wp-content/uploads/2024/06/state-fairLO.jpg,Fairgoers browse all the Indiana State Fair midway has to offer.
https://www.purdue.edu/newsroom/wp-content/uploads/2024/07/pglobal-concordLO.jpg,
https://www.purdue.edu/newsroom/wp-content/uploads/2024/05/2017-Unfinished-Block-P.jpg,The unfinished Block P statue on the Purdue University campus.
https://www.purdue.edu/newsroom/wp-content/uploads/2024/05/Purdue-Arch-2023_KAL_4891.jpg,A view of the Purdue Arch from the flowers.
https://www.purdue.edu/newsroom/wp-content/uploads/2024/07/pearson-mesonetLO.jpg,
https://www.purdue.edu/newsroom/wp-content/uploads/2024/07/wsj-realtorLO.jpg,
https://www.purdue.edu/newsroom/wp-content/uploads/2024/07/johnson-cloudsLO-1.jpg,
https://www.purdue.edu/newsroom/wp-content/uploads/2024/07/concrete-sensorsLO.jpg,Embed sensors into the new I-465 ramp
https://www.purdue.edu/newsroom/wp-content/uploads/2024/07/soranno-crossroadsLO.jpg,
https://www.purdue.edu/newsroom/wp-content/uploads/2024/05/Fall-Purdue-JU27458.jpg,The Purdue Bell Tower during the fall.
https://www.purdue.edu/newsroom/wp-content/uploads/2023/07/pt-brzezinski-800x533-1.jpg,
https://www.purdue.edu/newsroom/wp-content/uploads/2024/05/pt-ibj-250-800x450-1.png,
https://www.purdue.edu/newsroom/wp-content/uploads/2024/06/purcell-landscapediagnosticOG.jpg,Lindsey Purcell speaking outside during tour.
https://www.purdue.edu/newsroom/wp-content/uploads/2024/05/pt-pupd-ceremony-800x533-1.jpg,pt-pupd-ceremony-800x533
https://www.purdue.edu/newsroom/wp-content/uploads/2024/06/pt-gpu-recap-800x533-1.jpg,
https://www.purdue.edu/newsroom/wp-content/uploads/2024/05/2017-Unfinished-Block-P.jpg,The unfinished Block P statue on the Purdue University campus.
https://www.purdue.edu/newsroom/wp-content/uploads/2024/05/Fall-Purdue-2023_GMB0217.jpg,A sidewalk during the fall season at Purdue University.
https://www.purdue.edu/newsroom/wp-content/uploads/2024/05/Memorial-Mall-DJI-0060-2.jpg,Memorial Mall on the Purdue University campus.
https://www.purdue.edu/newsroom/wp-content/uploads/2024/05/Fall-Purdue-2023_JU22362.jpg,The State and Grant Street Gateway at Purdue University.
https://www.purdue.edu/newsroom/wp-content/uploads/2024/08/23pglobal-logo.jpeg,Purdue Global logo on a black background
https://www.purdue.edu/newsroom/wp-content/uploads/2024/05/Fall-Purdue-2023_KAL_4764.jpg,The Bell Tower at Purdue during the fall season.
https://www.purdue.edu/newsroom/wp-content/uploads/2024/05/Winter-Purdue-2024_RR18110.jpg,A shot of the Purdue University campus during the winter season.
https://www.purdue.edu/newsroom/wp-content/uploads/2024/05/Fall-Purdue-2023_GMB0217.jpg,A sidewalk during the fall season at Purdue University.
https://www.purdue.edu/newsroom/wp-content/uploads/2024/06/blackgold-awardsOG.jpg,Groups from both Aerovy Mobility and Uniform Sierra Aerospace.
https://www.purdue.edu/newsroom/wp-content/uploads/2024/06/speed-changeLO.jpg,speed-change
https://www.purdue.edu/newsroom/wp-content/uploads/2024/06/shaver-dieselemissionsOG.jpg,
https://www.purdue.edu/newsroom/wp-content/uploads/2024/06/varma-speedcoreLO.jpg,
https://www.purdue.edu/newsroom/wp-content/uploads/2024/06/pg-degreeLO.jpg,Purdue Global new degree.
https://www.purdue.edu/newsroom/wp-content/uploads/2023/07/campus-aerialLO.jpg,Engineering Fountain at Purdue Unviersity
https://www.purdue.edu/newsroom/wp-content/uploads/2024/05/Purdue-Belltower-2024_GMB0604.jpg,The Purdue Bell Tower.
https://www.purdue.edu/newsroom/wp-content/uploads/2024/05/2017-Unfinished-Block-P.jpg,The unfinished Block P statue on the Purdue University campus.
https://www.purdue.edu/newsroom/wp-content/uploads/2024/05/pt-grounds-feature-800x533-1.jpg,
https://www.purdue.edu/newsroom/wp-content/uploads/2024/06/pt-mwf-2023-800x533-2.jpg,
https://www.purdue.edu/newsroom/wp-content/uploads/2024/07/soybean-plantLO.jpg,Soybean plant
https://www.purdue.edu/newsroom/wp-content/uploads/2023/07/pg-pilotsmithLO.jpg,
https://www.purdue.edu/newsroom/wp-content/uploads/2024/05/Purdue-Buildings-2023_KAL_8110.jpg,Academic buildings on the Purdue University campus.
https://www.purdue.edu/newsroom/wp-content/uploads/2024/07/bullard-LO.jpg,
https://www.purdue.edu/newsroom/wp-content/uploads/2024/07/trask-alexeenkoLO.jpg,Ahmad Darwish at the LyoHUB Technology Demonstration Facility
https://www.purdue.edu/newsroom/wp-content/uploads/2024/07/amplified-sciencesLO.jpg,
https://www.purdue.edu/newsroom/wp-content/uploads/2024/07/frueh-portraitLO.jpg,
https://www.purdue.edu/newsroom/wp-content/uploads/2024/05/Purdue-Buildings-2023_KAL_8110.jpg,Academic buildings on the Purdue University campus.
https://www.purdue.edu/newsroom/wp-content/uploads/2024/05/Fall-Purdue-2022_RM18839.jpg,A shot of the Purdue University campus during the fall season.
https://www.purdue.edu/newsroom/wp-content/uploads/2024/05/Purdue-Belltower-2024_GMB0492.jpg,Students on the Purdue University campus.
https://www.purdue.edu/newsroom/wp-content/uploads/2024/05/Fall-Purdue-2023_KAL_4650.jpg,An academic building on the Purdue University campus.
https://www.purdue.edu/newsroom/wp-content/uploads/2024/05/Fall-Purdue-JU27458.jpg,The Purdue Bell Tower during the fall.
https://www.purdue.edu/newsroom/wp-content/uploads/2024/07/most-recognizedLO-1.jpg,The Purdue University campus and a ranking graphic
https://www.purdue.edu/newsroom/wp-content/uploads/2024/07/lee-wearablesensorLO.jpg,Examining a robotic hand
https://www.purdue.edu/newsroom/wp-content/uploads/2024/05/Purdue-Arch-2023_KAL_4891.jpg,A view of the Purdue Arch from the flowers.
https://www.purdue.edu/newsroom/wp-content/uploads/2024/05/Purdue-Fountain-2023_KAL_7894.jpg,Purdue fountain
https://www.purdue.edu/newsroom/wp-content/uploads/2024/07/campus-constructLO.jpg,Major Capital Project Map 2023
https://www.purdue.edu/newsroom/wp-content/uploads/2024/05/Purdue-Students-2024_GMB6381.jpg,Purdue students studying.
https://www.purdue.edu/newsroom/wp-content/uploads/2024/05/campus-constructLO.jpg,
https://www.purdue.edu/newsroom/wp-content/uploads/2024/07/mobile-rolloutLO.jpg,
https://www.purdue.edu/newsroom/wp-content/uploads/2024/06/pglobal-graph23OG.jpg,Purdue Global
https://www.purdue.edu/newsroom/wp-content/uploads/2024/07/jacobs-butternutLO.jpg,
https://www.purdue.edu/newsroom/wp-content/uploads/2024/06/pglobal-graph23OG.jpg,Purdue Global
https://www.purdue.edu/newsroom/wp-content/uploads/2024/05/Purdue-Arch-2022_JU19952.jpg,Purdue Arch
https://www.purdue.edu/newsroom/wp-content/uploads/2024/05/Purdue-Belltower-2024_GMB0492.jpg,Students on the Purdue University campus.
https://www.purdue.edu/newsroom/wp-content/uploads/2024/07/wedow-sociogenomicsLO.jpg,
https://www.purdue.edu/newsroom/wp-content/uploads/2024/05/Boilermaker-Special_RJM3309.jpg,The Boilermaker Special parked by the Engineering Fountain.
https://www.purdue.edu/newsroom/wp-content/uploads/2024/06/wenbin-yu-aaeLO.jpg,
https://www.purdue.edu/newsroom/wp-content/uploads/2024/05/Purdue-Bell-Tower-RJM-2923.jpg,The Purdue Bell Tower and spring flowers.
https://www.purdue.edu/newsroom/wp-content/uploads/2024/07/pglobal-graph23LO.jpg,Purdue Global logo
https://www.purdue.edu/newsroom/wp-content/uploads/2024/07/qstop10public-LO.jpg,qs top10public
https://www.purdue.edu/newsroom/wp-content/uploads/2024/06/turfdayOG.jpg,
https://www.purdue.edu/newsroom/wp-content/uploads/2024/06/whelton-portraitLO-1.jpg,
https://www.purdue.edu/newsroom/wp-content/uploads/2024/05/Purdue-Arch-2022_JU19952.jpg,Purdue Arch
https://www.purdue.edu/newsroom/wp-content/uploads/2024/07/adranos-andurilLO.jpg,
https://www.purdue.edu/newsroom/wp-content/uploads/2024/07/ambassador-indiaLO.jpg,
https://www.purdue.edu/newsroom/wp-content/uploads/2024/05/Purdue-Belltower-2024_GMB0604.jpg,The Purdue Bell Tower.
https://www.purdue.edu/newsroom/wp-content/uploads/2024/06/northernlight-ribboncuttingLO.jpg,
https://www.purdue.edu/newsroom/wp-content/uploads/2024/07/taiwan-ambassadorLO.jpg,
https://www.purdue.edu/newsroom/wp-content/uploads/2024/07/high-alphaLO.jpg,
https://www.purdue.edu/newsroom/wp-content/uploads/2024/07/chiang-tsmcLO.jpg,
https://www.purdue.edu/newsroom/wp-content/uploads/2024/05/Purdue-Fountain-2023_KAL_7894.jpg,Purdue fountain
https://www.purdue.edu/newsroom/wp-content/uploads/2024/05/Memorial-Mall-DJI-0060-2.jpg,Memorial Mall on the Purdue University campus.
https://www.purdue.edu/newsroom/wp-content/uploads/2024/07/pg-degreeLO-1.jpg,Purdue global new degree
https://www.purdue.edu/newsroom/wp-content/uploads/2024/06/armstrong-statueLO.jpg,Neil Armstrong statue . Summer campus scenes
https://www.purdue.edu/newsroom/wp-content/uploads/2024/06/pg-bonnewellOG.jpg,
https://www.purdue.edu/newsroom/wp-content/uploads/2024/05/Purdue-Students-2024_GMB6381.jpg,Purdue students studying.
https://www.purdue.edu/newsroom/wp-content/uploads/2024/07/purdueindysigningLO.jpg,
https://www.purdue.edu/newsroom/wp-content/uploads/2024/06/iu-puLO.jpg,
https://www.purdue.edu/newsroom/wp-content/uploads/2024/06/johnson-cloudsLO.jpg,
https://www.purdue.edu/newsroom/wp-content/uploads/2024/07/women-greenindustryLO.jpg,
https://www.purdue.edu/newsroom/wp-content/uploads/2024/05/Purdue-Arch-2023_KAL_4891.jpg,A view of the Purdue Arch from the flowers.
https://www.purdue.edu/newsroom/wp-content/uploads/2024/06/ruan-thermaldevicesLO.jpg,
https://www.purdue.edu/newsroom/wp-content/uploads/2024/06/pg_itcc-signingLO.jpg,"Purdue Global Provost Jon Harbor and Chancellor Frank Dooley, and Ivy Tech President Sue Ellspermann and Provost Dean McCurdy (left to right), seated at a table with three documents in front of them."
https://www.purdue.edu/newsroom/wp-content/uploads/2024/06/pg_itcc-signingLO.jpg,"Purdue Global Provost Jon Harbor and Chancellor Frank Dooley, and Ivy Tech President Sue Ellspermann and Provost Dean McCurdy (left to right), seated at a table with three documents in front of them."
https://www.purdue.edu/newsroom/wp-content/uploads/2024/07/state-grant-gatewayLO.jpg,
https://www.purdue.edu/newsroom/wp-content/uploads/2024/07/purdue-airportLO.jpg,Aerial shots of the Purdue Airport. (Purdue University / Rebecca Wilcox)
https://www.purdue.edu/newsroom/wp-content/uploads/2024/07/spring-specialLO.jpg,
https://www.purdue.edu/newsroom/wp-content/uploads/2024/05/Purdue-Arch-2023_KAL_4869.jpg,Purdue arch
https://www.purdue.edu/newsroom/wp-content/uploads/2024/06/campus-aerialLO-1-1.jpg,(Purdue University Marketing and Media / Smith Donovan)
https://www.purdue.edu/newsroom/wp-content/uploads/2024/05/Memorial-Mall-DJI-0060-2.jpg,Memorial Mall on the Purdue University campus.
https://www.purdue.edu/newsroom/wp-content/uploads/2024/06/spring-blockPLO.jpg,Block P in spring
https://www.purdue.edu/newsroom/wp-content/uploads/2024/08/23pglobal-logo.jpeg,Purdue Global logo on a black background
https://www.purdue.edu/newsroom/wp-content/uploads/2024/06/harf-openingLO.jpg,"From left, Karen Plaut, executive vice president for research; Mark Lewis, CEO of PARI; Mung Chiang, Purdue University president; and Scott Meyer, managing director, Maurice J. Zucrow Laboratories, celebrate the opening of the Hypersonics and Applied Research Facility. (Purdue University photo/Charles Jischke)"
https://www.purdue.edu/newsroom/wp-content/uploads/2024/06/smartphone-algorithm-LO.jpg,A smartphone camera paired with an AI-driven algorithm can capture blood oxygen data faster and more efficiently than highly specialized equipment. (Photo provided)
https://www.purdue.edu/newsroom/wp-content/uploads/2024/07/pglobal-graph23LO.jpg,Purdue Global logo
https://www.purdue.edu/newsroom/wp-content/uploads/2024/07/mung-andreasLO.jpg,
https://www.purdue.edu/newsroom/wp-content/uploads/2024/05/Purdue-Bell-Tower-RJM-2923.jpg,The Purdue Bell Tower and spring flowers.
https://www.purdue.edu/newsroom/wp-content/uploads/2024/06/lyles-dbsgiftLO.jpg,"Purdue University has received a $10 million commitment from Gerald and Nanette Lyles for unrestricted support of the Mitchell E. Daniels, Jr. School of Business. The commitment represents the latest in a long history of giving for the Lyles family, which can trace its Purdue ties back to Gerald’s maternal grandfather, who was both a student and a professor at the university. (Photo provided)"
https://www.purdue.edu/newsroom/wp-content/uploads/2024/05/Purdue-Arch-2022_JU19952.jpg,Purdue Arch
https://www.purdue.edu/newsroom/wp-content/uploads/2024/07/zhang-steelLO.jpg,
https://www.purdue.edu/newsroom/wp-content/uploads/2024/07/circuit-technologyOG.jpg,
https://www.purdue.edu/newsroom/wp-content/uploads/2024/06/independencesci-viewplusLO.jpg,
https://www.purdue.edu/newsroom/wp-content/uploads/2024/07/healthcare-writingLO.jpg,
https://www.purdue.edu/newsroom/wp-content/uploads/2024/06/cls-speakerseriesOG.jpg,
https://www.purdue.edu/newsroom/wp-content/uploads/2024/07/pglobal-graph23LO.jpg,Purdue Global logo
https://www.purdue.edu/newsroom/wp-content/uploads/2024/05/Purdue-Arch-2023_KAL_4891.jpg,A view of the Purdue Arch from the flowers.
https://www.purdue.edu/newsroom/wp-content/uploads/2024/06/emergent-abelLO.jpg,
https://www.purdue.edu/newsroom/wp-content/uploads/2024/07/mfri-lillyLO.jpg,
https://www.purdue.edu/newsroom/wp-content/uploads/2024/07/silver-ratingLO.jpg,
https://www.purdue.edu/newsroom/wp-content/uploads/2024/06/agrivoltaic-structuresLO.jpg,
https://www.purdue.edu/newsroom/wp-content/uploads/2024/06/gelvinlee-agrobacteriumLO.jpg,
https://www.purdue.edu/newsroom/wp-content/uploads/2024/07/campus-aerialLO-3.jpg,
https://www.purdue.edu/newsroom/wp-content/uploads/2024/07/purdue-japanLO.jpg,
https://www.purdue.edu/newsroom/wp-content/uploads/2024/05/Purdue-Bell-Tower-RJM-2923.jpg,The Purdue Bell Tower and spring flowers.
https://www.purdue.edu/newsroom/wp-content/uploads/2024/06/thirdst-corridorLO.jpg,
https://www.purdue.edu/newsroom/wp-content/uploads/2024/06/pg-degreeLO-1.jpg,
https://www.purdue.edu/newsroom/wp-content/uploads/2024/05/Purdue-Buildings-2023_KAL_8110.jpg,Academic buildings on the Purdue University campus.
https://www.purdue.edu/newsroom/wp-content/uploads/2024/06/agriculture-aiLO.jpg,Purdue University is among the members of a new institute that will leverage artificial intelligence to help absorb and store carbon in the agriculture and forestry industries. (Photo provided by Shashi Shekar)
https://www.purdue.edu/newsroom/wp-content/uploads/2024/07/senmaity-ixanaLO.jpeg,
https://www.purdue.edu/newsroom/wp-content/uploads/2024/07/pufd-honorLO.jpg,
https://www.purdue.edu/newsroom/wp-content/uploads/2024/07/chiang-speechLO.jpg,
https://www.purdue.edu/newsroom/wp-content/uploads/2024/05/Purdue-Fountain-2023_KAL_7894.jpg,Purdue fountain
https://www.purdue.edu/newsroom/wp-content/uploads/2024/05/Purdue-Belltower-2024_GMB0604.jpg,The Purdue Bell Tower.
https://www.purdue.edu/newsroom/wp-content/uploads/2024/05/Purdue-Belltower-2023_KAL_0252-2.jpg,A picture of the Bell Tower through some trees.
https://www.purdue.edu/newsroom/wp-content/uploads/2024/06/hachenski-commenceLO.jpg,
https://www.purdue.edu/newsroom/wp-content/uploads/2024/06/pglobal-graph23LO.jpg,Purdue global logo
https://www.purdue.edu/newsroom/wp-content/uploads/2024/06/duke-smrLO.jpg,
https://www.purdue.edu/newsroom/wp-content/uploads/2024/06/india-mouLO.jpg,"Purdue has entered into another landmark international agreement, this one with the government of India, to advance workforce development, research and development, and industry partnerships in semiconductors. At a signing ceremony on Tuesday (May 9) are, from left, T.V. Nagendra Prasad, Consul General of the Indian Consulate in San Francisco; Honorable Ashwini Vaishnaw, India's Union Minister for Railways, Communications, Electronics and IT; Purdue President Mung Chiang; and Vijay Raghunathan, Purdue professor and Associate Head of Electrical and Computer Engineering and Director of Semiconductor Education for Purdue. (Purdue University photo)"
https://www.purdue.edu/newsroom/wp-content/uploads/2024/06/gkritza-teamLO-1.jpg,
https://www.purdue.edu/newsroom/wp-content/uploads/2024/07/agriculture-aiLO-1.jpg,
https://www.purdue.edu/newsroom/wp-content/uploads/2024/05/Purdue-Arch-2023_KAL_4869.jpg,Purdue arch
https://www.purdue.edu/newsroom/wp-content/uploads/2024/06/beechem-peelerLO.jpg,
https://www.purdue.edu/newsroom/wp-content/uploads/2024/06/trotter-commencementOG.jpg,
https://www.purdue.edu/newsroom/wp-content/uploads/2024/06/pg-castrinosLO.jpg,
https://www.purdue.edu/newsroom/wp-content/uploads/2024/06/pg-gradsLO.jpg,
https://www.purdue.edu/newsroom/wp-content/uploads/2024/05/Purdue-Arch-2022_JU19952.jpg,Purdue Arch
https://www.purdue.edu/newsroom/wp-content/uploads/2024/06/level-cybersecurityLO.jpg,
https://www.purdue.edu/newsroom/wp-content/uploads/2024/06/campus-aerialLO-2.jpg,(Purdue University Marketing and Media / Smith Donovan)
https://www.purdue.edu/newsroom/wp-content/uploads/2024/05/Purdue-Buildings-2023_KAL_8110.jpg,Academic buildings on the Purdue University campus.
https://www.purdue.edu/newsroom/wp-content/uploads/2024/07/aerovymobility-aircraftOG.jpg,
https://www.purdue.edu/newsroom/wp-content/uploads/2024/06/purdue-imec-groupLO.jpg,
https://www.purdue.edu/newsroom/wp-content/uploads/2024/05/Purdue-Arch-2023_KAL_4869.jpg,Purdue arch
https://www.purdue.edu/newsroom/wp-content/uploads/2024/06/pharmacy-nursingLO.jpg,
https://www.purdue.edu/newsroom/wp-content/uploads/2024/06/farmers-marketOG.jpg,
https://www.purdue.edu/newsroom/wp-content/uploads/2024/07/online-tourismLO.jpg,
https://www.purdue.edu/newsroom/wp-content/uploads/2024/05/Memorial-Mall-DJI-0060-2.jpg,Memorial Mall on the Purdue University campus.
https://www.purdue.edu/newsroom/wp-content/uploads/2024/06/digital-evidenceLO.jpg,
https://www.purdue.edu/newsroom/wp-content/uploads/2024/06/pls-cerf-kahnLO-1.jpg,
https://www.purdue.edu/newsroom/wp-content/uploads/2024/07/dc-spaceLO.jpg,
https://www.purdue.edu/newsroom/wp-content/uploads/2024/07/purdueglobal-gradLO.jpg,"Purdue Global will hold its spring commencement ceremonies on May 6 at Purdue University’s Elliott Hall of Music in West Lafayette. More than 1,400 candidates will participate in three ceremonies that day. (Purdue Global photo/Jon Garcia)"
https://www.purdue.edu/newsroom/wp-content/uploads/2024/06/23utilpatent-LO.jpg,#5 in the world for U.S. patents / Top 10 for 3 years running (Purdue University image)
https://www.purdue.edu/newsroom/wp-content/uploads/2024/06/chaney-scholarshipgift-LO.jpg,
https://www.purdue.edu/newsroom/wp-content/uploads/2024/07/rakosnik-pdoggiftLO.jpg,
https://www.purdue.edu/newsroom/wp-content/uploads/2024/05/Purdue-Belltower-2023_KAL_0252-2.jpg,A picture of the Bell Tower through some trees.
https://www.purdue.edu/newsroom/wp-content/uploads/2024/06/grad-graphicLO.jpg,"Purdue engineering graduate program ranked in the top 2% nationally, 4th among more than 200 universities in the US"
https://www.purdue.edu/newsroom/wp-content/uploads/2024/07/milisavljevic-scarybarbieLO.jpg,
https://www.purdue.edu/newsroom/wp-content/uploads/2024/06/international-agribusiness-mastersLO.jpg,new online international agribusiness master’s
https://www.purdue.edu/newsroom/wp-content/uploads/2024/07/mei-polymerLO.jpg,
https://www.purdue.edu/newsroom/wp-content/uploads/2024/05/Fall-Purdue-2023_GMB5754.jpg,A view from Purdue University during the fall season
https://www.purdue.edu/newsroom/wp-content/uploads/2024/07/pg-lawschoolLO.jpg,Purdue Global law school
https://www.purdue.edu/newsroom/wp-content/uploads/2024/06/insignum-cornLO-1.jpg,
https://www.purdue.edu/newsroom/wp-content/uploads/2024/07/convergence-traskLO.jpg,
https://www.purdue.edu/newsroom/wp-content/uploads/2024/07/campus-aerialLO-2.jpg,
https://www.purdue.edu/newsroom/wp-content/uploads/2024/06/veo-scooterLO.jpg,
https://www.purdue.edu/newsroom/wp-content/uploads/2024/06/pglobal-graph23LO.jpg,Purdue global logo
https://www.purdue.edu/newsroom/wp-content/uploads/2024/07/milisavljevic-pelleyLO.jpg,
https://www.purdue.edu/newsroom/wp-content/uploads/2024/06/pg-courseLO.jpg,
https://www.purdue.edu/newsroom/wp-content/uploads/2024/05/Fall-Purdue-2023_Z8C9151.jpg,The unfinished Block P statue on the Purdue University campus.
https://www.purdue.edu/newsroom/wp-content/uploads/2024/06/chiang-summitLO.jpg,
https://www.purdue.edu/newsroom/wp-content/uploads/2024/07/spring-fountainLO.jpg,Spring 2016 campus scenes (Purdue University/ Rebecca Wilcox)
https://www.purdue.edu/newsroom/wp-content/uploads/2024/07/purdue-mobileidLO.jpg,
https://www.purdue.edu/newsroom/wp-content/uploads/2024/06/computes-csLO.jpg,
https://www.purdue.edu/newsroom/wp-content/uploads/2024/07/computes-aiLO.jpg,
https://www.purdue.edu/newsroom/wp-content/uploads/2024/07/nawrocki-polingLO.jpg,
https://www.purdue.edu/newsroom/wp-content/uploads/2024/07/spring-fountainLO-1.jpg,Spring 2016 campus scenes (Purdue University/ Rebecca Wilcox)
https://www.purdue.edu/newsroom/wp-content/uploads/2024/07/state-grant-gatewayLO.jpg,
https://www.purdue.edu/newsroom/wp-content/uploads/2024/07/spring-blockPLO-1.jpg,Block P in spring
https://www.purdue.edu/newsroom/wp-content/uploads/2024/07/spring-belltowerLO-2.jpg,"Bell Tower, Purdue in spring"
https://www.purdue.edu/newsroom/wp-content/uploads/2024/05/Fall-Purdue-2023_KAL_4650.jpg,An academic building on the Purdue University campus.
https://www.purdue.edu/newsroom/wp-content/uploads/2024/06/purduecomputes-LO.jpg,
https://www.purdue.edu/newsroom/wp-content/uploads/2024/07/spring-hovdeLO-3.jpg,Spring campus scenes. Hovde
https://www.purdue.edu/newsroom/wp-content/uploads/2024/07/blake-ethicsLO.jpg,
https://www.purdue.edu/newsroom/wp-content/uploads/2024/05/Purdue-Belltower-2024_GMB0604.jpg,The Purdue Bell Tower.
https://www.purdue.edu/newsroom/wp-content/uploads/2024/06/semiconductor-birckLO.jpg,
https://www.purdue.edu/newsroom/wp-content/uploads/2024/06/semiconductor-birckLO.jpg,
https://www.purdue.edu/newsroom/wp-content/uploads/2024/07/pglobal-graph23LO.jpg,Purdue Global logo
https://www.purdue.edu/newsroom/wp-content/uploads/2024/05/Purdue-Belltower-2024_GMB0492.jpg,Students on the Purdue University campus.
https://www.purdue.edu/newsroom/wp-content/uploads/2024/07/chen-energyefficiencyLO.jpg,
https://www.purdue.edu/newsroom/wp-content/uploads/2024/06/lewis-m23LO.jpg,
https://www.purdue.edu/newsroom/wp-content/uploads/2024/07/online-hypersonicsLO.png,
https://www.purdue.edu/newsroom/wp-content/uploads/2024/05/Purdue-Buildings-2024_GMB0611.jpg,A Purdue building and students walking
https://www.purdue.edu/newsroom/wp-content/uploads/2024/06/milisavljevic-cassiopeiaLO.jpg,
https://www.purdue.edu/newsroom/wp-content/uploads/2024/06/nsf-career23LO.jpg,13 Purdue Researchers Earn NSF Early Career Recognition
https://www.purdue.edu/newsroom/wp-content/uploads/2024/05/Purdue-Arch-2022_JU19952.jpg,Purdue Arch
https://www.purdue.edu/newsroom/wp-content/uploads/2024/07/mung-lectureLO.jpg,
https://www.purdue.edu/newsroom/wp-content/uploads/2024/05/Purdue-Arch-2022_JU19952.jpg,Purdue Arch
https://www.purdue.edu/newsroom/wp-content/uploads/2024/06/AFRL-studentsLO-1.jpg,Students collaborate to develop an algorithm using industry-dictated aeronautical engineering principles that also allow for measurable cybersecurity.
https://www.purdue.edu/newsroom/wp-content/uploads/2024/06/caterpillar-eventLO.jpg,
https://www.purdue.edu/newsroom/wp-content/uploads/2024/07/purdueglobal-rebrandLO.jpg,
https://www.purdue.edu/newsroom/wp-content/uploads/2024/06/citizen-scienceLO.jpg,"Purdue Extension, the University of Tennessee and Iowa State University are partnering for the citizen science experiment Citi-Sci: Growing Food for Science! from April through August. (Purdue Agricultural Communications)"
https://www.purdue.edu/newsroom/wp-content/uploads/2024/05/Winter-Purdue-DSC0202.jpg,Gateway to the Future arch at Purdue University.
https://www.purdue.edu/newsroom/wp-content/uploads/2024/05/Purdue-Belltower-2024_GMB0492.jpg,Students on the Purdue University campus.
https://www.purdue.edu/newsroom/wp-content/uploads/2024/06/spring-belltowerLO.jpeg,"Bell Tower, Purdue in spring"
https://www.purdue.edu/newsroom/wp-content/uploads/2024/05/nutramaize-orangecornLO.jpeg,
https://www.purdue.edu/newsroom/wp-content/uploads/2024/05/Purdue-Hovde-2024_GMB0532.jpg,Hovde Hall at Purdue University.
https://www.purdue.edu/newsroom/wp-content/uploads/2024/07/ni-airqualityLO.jpg,Piglets
https://www.purdue.edu/newsroom/wp-content/uploads/2024/06/kulkarni-m22LO.jpeg,Milind Kulkarni (Purdue University photo/John Underwood)
https://www.purdue.edu/newsroom/wp-content/uploads/2024/05/Purdue-Buildings-2023_KAL_8110.jpg,Academic buildings on the Purdue University campus.
https://www.purdue.edu/newsroom/wp-content/uploads/2024/06/spring-hovdeLO.jpeg,Spring campus scenes. Hovde
https://www.purdue.edu/newsroom/wp-content/uploads/2024/06/pharmacy-sassolaLO.jpeg,
https://www.purdue.edu/newsroom/wp-content/uploads/2024/05/highway-cameraLO.jpeg,
https://www.purdue.edu/newsroom/wp-content/uploads/2024/05/Winter-Purdue-2024_GMB5421.jpg,Academic building and snow on the Purdue University campus.
https://www.purdue.edu/newsroom/wp-content/uploads/2024/05/student-farmLO.jpeg,
https://www.purdue.edu/newsroom/wp-content/uploads/2024/06/purdue-global-partnershipOG.jpeg,Purdue Global partnership
https://www.purdue.edu/newsroom/wp-content/uploads/2024/05/Purdue-Belltower-2024_GMB0604.jpg,The Purdue Bell Tower.
https://www.purdue.edu/newsroom/wp-content/uploads/2024/05/airport-5gLO.jpeg,
https://www.purdue.edu/newsroom/wp-content/uploads/2024/06/spring-blockPLO.jpeg,Block P in spring
https://www.purdue.edu/newsroom/wp-content/uploads/2024/05/campus-aerialLO.jpeg,
https://www.purdue.edu/newsroom/wp-content/uploads/2024/06/structures-onlineLO.jpeg,Purdue offering online Prequalified Structures for the Stage course
https://www.purdue.edu/newsroom/wp-content/uploads/2024/06/ruan-paint-brushLO.jpeg,
https://www.purdue.edu/newsroom/wp-content/uploads/2024/05/Purdue-Belltower-2024_GMB0604.jpg,The Purdue Bell Tower.
https://www.purdue.edu/newsroom/wp-content/uploads/2024/06/varcity-aerialLO.jpeg,
https://www.purdue.edu/newsroom/wp-content/uploads/2024/06/lu-labLO.jpeg,
https://www.purdue.edu/newsroom/wp-content/uploads/2023/03/spring-belltowerLO.jpeg,"Bell Tower, Purdue in spring"
https://www.purdue.edu/newsroom/wp-content/uploads/2024/06/pol-batteryOG.jpeg,
https://www.purdue.edu/newsroom/wp-content/uploads/2024/06/spring-belltowerLO.jpeg,"Bell Tower, Purdue in spring"
https://www.purdue.edu/newsroom/wp-content/uploads/2024/07/lusk-jaysonOG.jpg,Jayson Lusk
https://www.purdue.edu/newsroom/wp-content/uploads/2024/05/Purdue-Bell-Tower-RJM-2923.jpg,The Purdue Bell Tower and spring flowers.
https://www.purdue.edu/newsroom/wp-content/uploads/2024/05/Purdue-Belltower-2023_KAL_0252-2.jpg,A picture of the Bell Tower through some trees.
https://www.purdue.edu/newsroom/wp-content/uploads/2024/06/purdue-global-graphicOG.jpeg,Purdue Global logo graphic
https://www.purdue.edu/newsroom/wp-content/uploads/2024/05/worm-horizLO.jpeg,
https://www.purdue.edu/newsroom/wp-content/uploads/2024/06/wheelchair.prototypeLO.jpg,
https://www.purdue.edu/newsroom/wp-content/uploads/2024/05/dudureva-morganLO.jpeg,"A Purdue University team led by Natalia Dudareva, Distinguished Professor of Biochemistry in Purdue’s College of Agriculture, and John Morgan, professor in the Davidson School of Chemical Engineering, has published new details about molecular processes that allow petunias to emit scent chemicals called volatile organic compounds. (Purdue Agricultural Communications photo/Tom Campbell)"
https://www.purdue.edu/newsroom/wp-content/uploads/2024/05/Purdue-Students-2024_GMB6381.jpg,Purdue students studying.
https://www.purdue.edu/newsroom/wp-content/uploads/2024/06/fast-innovativeLO.jpeg,
https://www.purdue.edu/newsroom/wp-content/uploads/2024/06/spring-hovdeLO.jpeg,Spring campus scenes. Hovde
https://www.purdue.edu/newsroom/wp-content/uploads/2024/05/pcm-graphicLO.jpeg,
https://www.purdue.edu/newsroom/wp-content/uploads/2024/05/Winter-Purdue-2024_JU25323.jpg,A shot of the Purdue University campus during the winter season.
https://www.purdue.edu/newsroom/wp-content/uploads/2023/02/bracci-awardOG.jpeg,"Steve Bracci, at left, receives the Lifetime Achievement in Bar Exam Support Award from Martin Pritikin, dean of the Concord Law School at Purdue Global, on Saturday (Feb. 25) during Concord Law School’s 25th anniversary celebration in Anaheim. Bracci serves as an associate dean and professor at Concord Law School. (Purdue Global photo/Jon Garcia)"
https://www.purdue.edu/newsroom/wp-content/uploads/2024/05/meena-proteometerLO.jpeg,
https://www.purdue.edu/newsroom/wp-content/uploads/2024/05/2017-Unfinished-Block-P.jpg,The unfinished Block P statue on the Purdue University campus.
https://www.purdue.edu/newsroom/wp-content/uploads/2024/06/purdueglobal-gradLO.jpeg,"Family and friends celebrated Purdue Global’s Winter Commencement on Saturday (Feb. 25) at the City National Grove of Anaheim in California. Nearly 1,000 candidates received their degrees during two in-person ceremonies and one virtual ceremony. (Purdue Global photo/Jon Garcia)"
https://www.purdue.edu/newsroom/wp-content/uploads/2024/05/williams-gradLO.jpeg,Dolan Williams in commencement cap and gown stands at a Purdue Global podium
https://www.purdue.edu/newsroom/wp-content/uploads/2024/06/hovde-winterLO-1.jpeg,
https://www.purdue.edu/newsroom/wp-content/uploads/2024/06/combined-bamaLO.jpeg,
https://www.purdue.edu/newsroom/wp-content/uploads/2024/06/pt-ukraine-assistance-800x533-1.jpg,"Ukrainian scholar Valeria Yatsenko (left) is grateful for the hospitality shown her by Purdue, the campus and Greater Lafayette community, including Crestview Apartments owner William Shen (right). The assistance through Purdue’s Ukrainian Scholars Initiative means she will be able to finish her doctorate in economics, international currency and risk management from the University of Kyiv on Purdue’s campus while the war continues in her home country. (Purdue University photo/John Underwood)"
https://www.purdue.edu/newsroom/wp-content/uploads/2024/05/Winter-Purdue-Memorial-Union-RJM5693.jpg,The Purdue Memorial Union during the winter season.
https://www.purdue.edu/newsroom/wp-content/uploads/2024/05/Purdue-Hovde-2024_GMB0532.jpg,Hovde Hall at Purdue University.
https://www.purdue.edu/newsroom/wp-content/uploads/2024/06/purdue-global-graphicOG.jpeg,Purdue Global logo graphic
https://www.purdue.edu/newsroom/wp-content/uploads/2024/06/purdue-global-partnershipOG.jpeg,Purdue Global partnership
https://www.purdue.edu/newsroom/wp-content/uploads/2023/02/grain-dustLO.jpeg,
https://www.purdue.edu/newsroom/wp-content/uploads/2024/06/purdue-global-graphicOG.jpeg,Purdue Global logo graphic
https://www.purdue.edu/newsroom/wp-content/uploads/2024/06/block-p-winterLO.jpeg,
https://www.purdue.edu/newsroom/wp-content/uploads/2024/06/tactileeng-cadenceLO.jpeg,
https://www.purdue.edu/newsroom/wp-content/uploads/2024/06/kim-hemoglobinLO.jpeg,"HemaChrome has introduced a simple mobile health app that noninvasively measures blood hemoglobin using a digital photo or screenshot taken with an everyday smartphone or computer, making blood hemoglobin testing accessible to nearly everyone, anywhere, at a fraction of the cost. Founded by Purdue University researcher Young Kim, HemaChrome won phase 1 of the National Institutes of Health’s RADx Tech for Maternal Health Challenge. (Photo courtesy of HemaChrome)"
https://www.purdue.edu/newsroom/wp-content/uploads/2024/06/degas-grayOG.jpeg,
https://www.purdue.edu/newsroom/wp-content/uploads/2024/06/purdue-global-partnershipOG.jpeg,Purdue Global partnership
https://www.purdue.edu/newsroom/wp-content/uploads/2024/06/bera-aidog01LO.jpg,
https://www.purdue.edu/newsroom/wp-content/uploads/2024/06/white-instituteLO.jpg,
https://www.purdue.edu/newsroom/wp-content/uploads/2024/07/fei-perseusLO.jpg,A Purdue forestry student working in the field.
https://www.purdue.edu/newsroom/wp-content/uploads/2024/05/Winter-Purdue-Memorial-Union-RJM5693.jpg,The Purdue Memorial Union during the winter season.
https://www.purdue.edu/newsroom/wp-content/uploads/2023/02/hayn-agrabilityLO.jpeg,
https://www.purdue.edu/newsroom/wp-content/uploads/2024/06/fountain-winterLO.jpeg,
https://www.purdue.edu/newsroom/wp-content/uploads/2024/06/dooley-williamsLO.jpeg,Purdue Global Chancellor Frank Dooley (left) and Montel Williams on the set of “The Balancing Act.” (Purdue Global photo/Amy Hawkinson)
https://www.purdue.edu/newsroom/wp-content/uploads/2024/05/Boilermaker-Special_RJM3309.jpg,The Boilermaker Special parked by the Engineering Fountain.
https://www.purdue.edu/newsroom/wp-content/uploads/2024/05/lusk-jaysonOG.jpeg,Jayson Lusk
https://www.purdue.edu/newsroom/wp-content/uploads/2024/05/brinkman-coachLO.jpeg,"Courtney Brinkman, seated on a couch with a laptop, chats with student Nora Arete on a video call."
https://www.purdue.edu/newsroom/wp-content/uploads/2024/05/tremblay-antarcticaLO.jpeg,
https://www.purdue.edu/newsroom/wp-content/uploads/2024/05/Winter-Purdue-2022_RM24813-1.jpg,John Purdue statue
https://www.purdue.edu/newsroom/wp-content/uploads/2024/06/GatewayArchLO.jpeg,
https://www.purdue.edu/newsroom/wp-content/uploads/2024/05/Winter-Purdue-Memorial-Union-RJM5693.jpg,The Purdue Memorial Union during the winter season.
https://www.purdue.edu/newsroom/wp-content/uploads/2024/05/Winter-Purdue-DSC0202.jpg,Gateway to the Future arch at Purdue University.
https://www.purdue.edu/newsroom/wp-content/uploads/2024/06/hovde-winterLO.jpeg,
https://www.purdue.edu/newsroom/wp-content/uploads/2024/06/12yearsfrozentuition-LO.jpeg,12 years of frozen tuition (Purdue University image)
https://www.purdue.edu/newsroom/wp-content/uploads/2024/05/Winter-Purdue-DSC0202.jpg,Gateway to the Future arch at Purdue University.
https://www.purdue.edu/newsroom/wp-content/uploads/2024/05/Winter-Purdue-DSC4424.jpg,Trees and an academic building on Purdue University during the winter season.
https://www.purdue.edu/newsroom/wp-content/uploads/2024/05/Winter-Purdue-DSC0202.jpg,Gateway to the Future arch at Purdue University.
https://www.purdue.edu/newsroom/wp-content/uploads/2024/06/daniels-ext02-renderLO.jpeg,
https://www.purdue.edu/newsroom/wp-content/uploads/2024/05/purdue-global-graphicLO.jpeg,Purdue Global logo graphic
https://www.purdue.edu/newsroom/wp-content/uploads/2024/06/mohammadi-fieldLO.jpeg,
https://www.purdue.edu/newsroom/wp-content/uploads/2024/06/hovde-winterLO-1.jpeg,
https://www.purdue.edu/newsroom/wp-content/uploads/2024/06/omnivis-ispydxLO.jpeg,
https://www.purdue.edu/newsroom/wp-content/uploads/2024/06/wsj-realtorLO.jpeg,wsj-realtor
https://www.purdue.edu/newsroom/wp-content/uploads/2024/06/mudawar-portraitLO.jpeg,
https://www.purdue.edu/newsroom/wp-content/uploads/2024/05/Purdue-Buildings-2023_KAL_8110.jpg,Academic buildings on the Purdue University campus.
https://www.purdue.edu/newsroom/wp-content/uploads/2024/06/online-asepticLO.jpeg,
https://www.purdue.edu/newsroom/wp-content/uploads/2024/06/aaas-fellowsLO.jpeg,
https://www.purdue.edu/newsroom/wp-content/uploads/2024/06/parker-halls-800x533-1.jpeg,
https://www.purdue.edu/newsroom/wp-content/uploads/2024/05/heliponix-sbirLO.jpeg,"Heliponix, doing business as GroPod, makes healthy food accessible to consumers and their family with technology and knowledge. The National Science Foundation awarded Heliponix a Phase II Small Business Innovation Research grant for $970,993 for research and development. (Heliponix photo)"
https://www.purdue.edu/newsroom/wp-content/uploads/2024/05/Winter-Purdue-Memorial-Union-RJM5693.jpg,The Purdue Memorial Union during the winter season.
https://www.purdue.edu/newsroom/wp-content/uploads/2024/06/block-p-winterLO.jpeg,
https://www.purdue.edu/newsroom/wp-content/uploads/2024/05/Winter-Purdue-2024_RR18110.jpg,A shot of the Purdue University campus during the winter season.
https://www.purdue.edu/newsroom/wp-content/uploads/2024/06/research-tipOG.jpeg,
https://www.purdue.edu/newsroom/wp-content/uploads/2024/05/Winter-Purdue-DSC4424.jpg,Trees and an academic building on Purdue University during the winter season.
https://www.purdue.edu/newsroom/wp-content/uploads/2024/06/liang-grant1LO.jpeg,A person sits on a tree branch
https://www.purdue.edu/newsroom/wp-content/uploads/2024/06/research-tipOG.jpeg,
https://www.purdue.edu/newsroom/wp-content/uploads/2024/06/weinstein-transistorsLO.jpg,
https://www.purdue.edu/newsroom/wp-content/uploads/2024/06/no2online-engrgradLO.jpeg,#2 online engineering graduate program in the U.S. (Purdue University photo)
https://www.purdue.edu/newsroom/wp-content/uploads/2024/06/snow-routesLO.jpeg,
https://www.purdue.edu/newsroom/wp-content/uploads/2024/06/purdue-global-partnershipOG.jpeg,Purdue Global partnership
https://www.purdue.edu/newsroom/wp-content/uploads/2024/06/purdue-stratolaunchLO.jpeg,
https://www.purdue.edu/newsroom/wp-content/uploads/2024/05/macmillan-dLO.jpeg,David MacMillan
https://www.purdue.edu/newsroom/wp-content/uploads/2024/05/white-speakingLO.jpeg,
https://www.purdue.edu/newsroom/wp-content/uploads/2024/06/fountain-winterLO.jpeg,
https://www.purdue.edu/newsroom/wp-content/uploads/2024/05/Winter-Snowy-Boilermaker-Statue.jpg,The Boilermaker statue during the winter season at Purdue University.
https://www.purdue.edu/newsroom/wp-content/uploads/2024/05/Winter-Purdue-DSC4424.jpg,Trees and an academic building on Purdue University during the winter season.
https://www.purdue.edu/newsroom/wp-content/uploads/2024/06/ma-solarcellsLO.jpeg,
https://www.purdue.edu/newsroom/wp-content/uploads/2024/06/raytheon-businessLO.jpeg,
https://www.purdue.edu/newsroom/wp-content/uploads/2024/05/omnivis-ispydxLO.jpeg,
https://www.purdue.edu/newsroom/wp-content/uploads/2024/05/belltower-winterLO-1.jpeg,
https://www.purdue.edu/newsroom/wp-content/uploads/2024/05/belltower-winterLO.jpeg,
https://www.purdue.edu/newsroom/wp-content/uploads/2024/05/block-pLO.jpeg,
https://www.purdue.edu/newsroom/wp-content/uploads/2024/06/hovde-winterLO-1.jpeg,
https://www.purdue.edu/newsroom/wp-content/uploads/2024/06/johnson-impactLO.jpeg,
https://www.purdue.edu/newsroom/wp-content/uploads/2024/05/lusk-jaysonLO.jpeg,
https://www.purdue.edu/newsroom/wp-content/uploads/2024/05/snow-blockLO.jpeg,
https://www.purdue.edu/newsroom/wp-content/uploads/2024/05/Winter-Purdue-Memorial-Union-RJM5693.jpg,The Purdue Memorial Union during the winter season.
https://www.purdue.edu/newsroom/wp-content/uploads/2024/06/purdue-global-eventLO.jpeg,Purdue Global event
https://www.purdue.edu/newsroom/wp-content/uploads/2024/06/belltower-winterLO.jpeg,"February snow, engineering mall. (Mark Simons/ Purdue University)"
https://www.purdue.edu/newsroom/wp-content/uploads/2024/05/lee-glaucomaLO.jpeg,
https://www.purdue.edu/newsroom/wp-content/uploads/2024/06/welcomeOG.jpg,
https://www.purdue.edu/newsroom/wp-content/uploads/2024/06/purdue-global-graphicOG.jpeg,Purdue Global logo graphic
https://www.purdue.edu/newsroom/wp-content/uploads/2023/01/block-p-winterLO.jpeg,
https://www.purdue.edu/newsroom/wp-content/uploads/2024/06/aerial-engineeringLO.jpeg,
